[{"model": "sessions.session", "pk": "6auo4b12rfc7y88e03e6bw2kpwdj6gc8", "fields": {"session_data": ".eJxVjLsOgkAQAP9la3NB94A9Snu_4bIvBDVHwqMy_rshodB2ZjJvyLytQ94Wn_No0MEFTr9MWJ9edmEPLvcp6FTWeZSwJ-GwS7hN5q_r0f4NBl4G6MBrceQWCUl60cguiITaxFpIE8aEck5kbi1aQ1VqNIpb1XNKptzC5wv75Tir:1weira:UkepVRWQSgINQi2h3q6_vDjhD92hYoy8S2N981c5IRc", "expire_date": "2026-07-15T00:31:38.767Z"}}, {"model": "sessions.session", "pk": "7f93y1m9zosrrd1akkxq4exj40rvu8oj", "fields": {"session_data": ".eJxVjLsOgkAQAP9la3NB94A9Snu_4bIvBDVHwqMy_rshodB2ZjJvyLytQ94Wn_No0MEFTr9MWJ9edmEPLvcp6FTWeZSwJ-GwS7hN5q_r0f4NBl4G6MBrceQWCUl60cguiITaxFpIE8aEck5kbi1aQ1VqNIpb1XNKptzC5wv75Tir:1weTWt:hdXJuWvqs1zkC4Wz5CnreLSqZrHMBZPmYIyB9g3-Mdc", "expire_date": "2026-07-14T08:09:15.674Z"}}, {"model": "sessions.session", "pk": "7p1eqv9qxmdn67b944o2ujd5ywnsage7", "fields": {"session_data": ".eJxVjDsOgkAUAO_yarNhYX9Q2nuGzfutoAYSFirj3Q0JhbYzk3lDxn0b8151zZPAABYuv4yQnzofQh443xfDy7ytE5kjMaet5raIvq5n-zcYsY4wAMe-85Ha4MkyeiYbnHJpyGqTNCi5VpJEtD664LtUeizFBwnSWRe5h88X7Eo4Dw:1weSAV:AkhWD_Rn9jSC76S-876kPIGc_zVCqlq9glOJmxraN38", "expire_date": "2026-07-14T06:42:03.783Z"}}, {"model": "sessions.session", "pk": "82r5mxitxxadkz5cwdzwrgzmm77188xh", "fields": {"session_data": ".eJxVjDsOgkAUAO_yarNhYX9Q2nuGzfutoAYSFirj3Q0JhbYzk3lDxn0b8151zZPAABYuv4yQnzofQh443xfDy7ytE5kjMaet5raIvq5n-zcYsY4wAMe-85Ha4MkyeiYbnHJpyGqTNCi5VpJEtD664LtUeizFBwnSWRe5h88X7Eo4Dw:1weSAK:fB-JvHtiKPIVk0SHYkmIJhuedVZQBKCTW6hOkwWfu2o", "expire_date": "2026-07-14T06:41:52.557Z"}}, {"model": "sessions.session", "pk": "bldm41f4co04ljcd5n3b56pezqxycijb", "fields": {"session_data": "e30:1weQh1:KbApj52a2Wa0jvKknzyOp1QQ5YKEhkxNK2_NHAhXags", "expire_date": "2026-07-14T05:07:31.774Z"}}, {"model": "sessions.session", "pk": "bptpppr7m5d762deqx8um7qjl5v5to6q", "fields": {"session_data": "e30:1weQha:2N6x9AWS8Vkh4uTgLNdie4-j0xzCZ0nxVChq7O5a7Cc", "expire_date": "2026-07-14T05:08:06.891Z"}}, {"model": "sessions.session", "pk": "i0wek4u5l8cert17ccj0tscbokefd77o", "fields": {"session_data": "e30:1weQhp:Gjvp3U4m30I6ljemNbTmMd9V02_84skfkcii1hgL2Q8", "expire_date": "2026-07-14T05:08:21.098Z"}}, {"model": "sessions.session", "pk": "uonxouuttqennorw5v1c90c5n6qo804o", "fields": {"session_data": ".eJxVjLsOwjAMAP_FM4pcpwltR3a-obJjQwookfqYEP-OKnWA9e50bxh5W_O4LTaPk8IABKdfJpyeVnahDy736lIt6zyJ2xN32MVdq9rrcrR_g8xLhgEwhtCjCKMnaViZlaXVLvaC6hv15ikKd4x0FkJukrVyIwqtxRgI4fMF8PA39g:1whfOW:GTcRvUxRaYtnsTQ0qvh4b1BvcC63QTphNJI7GWK30Ik", "expire_date": "2026-07-09T15:25:48.109Z"}}, {"model": "sessions.session", "pk": "vtrucdkabnrth03gaxwfmnb3zrw3nsmv", "fields": {"session_data": ".eJxVjDsOgkAUAO_yarNhYX9Q2nuGzfutoAYSFirj3Q0JhbYzk3lDxn0b8151zZPAABYuv4yQnzofQh443xfDy7ytE5kjMaet5raIvq5n-zcYsY4wAMe-85Ha4MkyeiYbnHJpyGqTNCi5VpJEtD664LtUeizFBwnSWRe5h88X7Eo4Dw:1weSAj:rEOVnxxpFSBBbzVvJ9s3o3Kd6EoPQXWI-Vcv60-6MTc", "expire_date": "2026-07-14T06:42:17.070Z"}}, {"model": "Features.account", "pk": 2, "fields": {"password": "pbkdf2_sha256$1200000$mjPrDm1oaAAiA6pC0AIHLp$586heltdQP5KSXvawFOpdzbwWh7Wra60aotDrSxHaz4=", "last_login": "2026-07-09T03:25:48.092Z", "is_superuser": true, "username": "admin1", "first_name": "Jhon Mark", "last_name": "Suico", "email": "admin1@gmail.com", "is_staff": true, "is_active": true, "date_joined": "2026-06-30T04:56:48.099Z", "is_librarian": false, "is_guest": true, "avatar": "avatars/Edit.org_design.jpg", "groups": [], "user_permissions": []}}, {"model": "Features.account", "pk": 3, "fields": {"password": "pbkdf2_sha256$600000$YKbPiJ832AR1vTEtgkMKSc$KQtyT9sdUofOg/eCYVn2cM42NGj3Em+EBqO7n4fFcS0=", "last_login": null, "is_superuser": false, "username": "admin2", "first_name": "james", "last_name": "mark", "email": "markjames@gmail.com", "is_staff": true, "is_active": true, "date_joined": "2026-07-01T06:40:06.891Z", "is_librarian": false, "is_guest": true, "avatar": "", "groups": [], "user_permissions": []}}, {"model": "Features.account", "pk": 4, "fields": {"password": "pbkdf2_sha256$600000$4B8RoMvgtQxnPXdQ7HTiyC$9lQyCc4aCty9FMlXnuoPsQieOqvAP2ZzdYaggKMZCUQ=", "last_login": null, "is_superuser": true, "username": "admin3", "first_name": "", "last_name": "", "email": "admin3@gmail.com", "is_staff": true, "is_active": true, "date_joined": "2026-07-01T08:25:46.450Z", "is_librarian": false, "is_guest": true, "avatar": "", "groups": [], "user_permissions": []}}, {"model": "Features.account", "pk": 5, "fields": {"password": "pbkdf2_sha256$600000$Tw45byfwb6PV4Om4QVhjDM$/3rA4hedeR02lLkBRoqongbfcNBCmmIKjxaV5MyjtKM=", "last_login": "2026-07-07T08:42:06.752Z", "is_superuser": false, "username": "todabe219", "first_name": "Abe", "last_name": "Tod", "email": "todabe219@gmail.com", "is_staff": true, "is_active": true, "date_joined": "2026-07-07T08:41:54.286Z", "is_librarian": false, "is_guest": true, "avatar": "", "groups": [], "user_permissions": []}}, {"model": "Features.account", "pk": 6, "fields": {"password": "pbkdf2_sha256$600000$WvcCKH1ILaBHJy2wSRsKvj$G4KeyI8dA5Nl4t8T/oe7YpxzkT39Xv2yqKiVYQbTUaU=", "last_login": "2026-07-08T00:55:29.604Z", "is_superuser": false, "username": "lesteruy", "first_name": "lester", "last_name": "uy", "email": "ileechun4@gmail.com", "is_staff": true, "is_active": true, "date_joined": "2026-07-08T00:55:14.616Z", "is_librarian": false, "is_guest": true, "avatar": "avatars/hi_im_rizel-Picsart-BackgroundRemover.png", "groups": [], "user_permissions": []}}, {"model": "Features.contactmessage", "pk": 10, "fields": {"name": "JM", "email": "todabe219@gmail.com", "subject": "clearance", "message": "pa clear po maam", "message_type": "EMAIL", "status": "REPLIED", "created_at": "2026-07-02T09:02:53.646Z", "is_read": true, "reply_text": null, "replied_at": null}}, {"model": "Features.contactmessage", "pk": 11, "fields": {"name": "jm", "email": "todabe219@gmail.com", "subject": "Reservation: Discussion Room 2 - pa reserve", "message": "po", "message_type": "RESERVATION", "status": "APPROVED", "created_at": "2026-07-02T09:04:45.764Z", "is_read": true, "reply_text": null, "replied_at": null}}, {"model": "Features.contactmessage", "pk": 12, "fields": {"name": "jay", "email": "jjay12998@gmail.com", "subject": "Credential Request for Scholaar", "message": "I am requesting credentials to access this external library service.", "message_type": "CREDENTIAL_REQUEST", "status": "REPLIED", "created_at": "2026-07-07T03:40:33.389Z", "is_read": true, "reply_text": null, "replied_at": null}}, {"model": "Features.contactmessage", "pk": 13, "fields": {"name": "jays", "email": "jaykitjay8@gmail.com", "subject": "Credential Request for VitalBooks", "message": "I am requesting credentials to access this external library service.", "message_type": "CREDENTIAL_REQUEST", "status": "REPLIED", "created_at": "2026-07-07T04:56:58.183Z", "is_read": true, "reply_text": "Username: jrmsukc\nPassword: scholaar", "replied_at": "2026-07-07T04:57:24.411Z"}}, {"model": "Features.contactmessage", "pk": 14, "fields": {"name": "kits", "email": "jaykitkite@gmail.com", "subject": "Credential Request for Scholaar", "message": "I am requesting credentials to access this external library service.\n\n--- Added later ---\nSubject: Credential Request for Scholaar\nMessage: I am requesting credentials to access this external library service.", "message_type": "CREDENTIAL_REQUEST", "status": "REPLIED", "created_at": "2026-07-07T05:24:23.814Z", "is_read": true, "reply_text": null, "replied_at": null}}, {"model": "Features.contactmessage", "pk": 15, "fields": {"name": "abe", "email": "todabe219@gmail.com", "subject": "test3", "message": "test3", "message_type": "EMAIL", "status": "REPLIED", "created_at": "2026-07-08T00:36:31.007Z", "is_read": true, "reply_text": null, "replied_at": null}}, {"model": "Features.feedback", "pk": 1, "fields": {"name": "Anonymous", "email": "anonymous@user.com", "category": "Library Service", "message": "GOODS", "rating": 5, "created_at": "2026-06-30T07:04:47.827Z"}}, {"model": "Features.newlyacquiredbook", "pk": 5, "fields": {"batch": 5, "title": "Personally Development", "author": "Prof. Angelita Ong Camilar-Serrano, PhD-MB, MBA, CMC", "accession_number": "", "category": "General Reference", "cover_image": "books/covers/IMG_20260629_145839.jpg", "date_encoded": "2026-07-02T05:39:30.682Z"}}, {"model": "Features.newlyacquiredbook", "pk": 6, "fields": {"batch": 5, "title": "SOFTWARE ACRHITECTURE", "author": "VISHNU PRASED", "accession_number": "", "category": "Technology", "cover_image": "books/covers/IMG_20260629_145903.jpg", "date_encoded": "2026-07-02T05:42:17.623Z"}}, {"model": "Features.newlyacquiredbook", "pk": 7, "fields": {"batch": 5, "title": "ALAALA NG MGA PAKPAK: ANTOLOHIYA NG PANITIKANG-BAYAN PARA SA MGA BATA", "author": "EUGENE Y. EVASCO", "accession_number": "", "category": "Technology", "cover_image": "books/covers/IMG_20260629_145912.jpg", "date_encoded": "2026-07-02T05:43:26.050Z"}}, {"model": "Features.newlyacquiredbook", "pk": 8, "fields": {"batch": 8, "title": "SMAT TEST2", "author": "ASSD", "accession_number": "", "category": "Technology", "cover_image": "books/covers/zhel.png", "date_encoded": "2026-07-02T08:58:52.548Z"}}, {"model": "Features.newlyacquiredbook", "pk": 9, "fields": {"batch": 9, "title": "data", "author": "text 12", "accession_number": "32434", "category": "Technology", "cover_image": "books/covers/3.jpg", "date_encoded": "2026-07-08T00:53:10.928Z"}}, {"model": "Features.libraryinteriorimage", "pk": 5, "fields": {"title": "me me SDF", "image": "library_interiors/ChatGPT_Image_Jun_5_2026_07_55_53_PM.png", "section_label": "test 2", "is_active": true, "created_at": "2026-07-02T05:27:00.970Z"}}, {"model": "Features.libraryinteriorimage", "pk": 6, "fields": {"title": "test 1", "image": "library_interiors/4.jpg", "section_label": "test 23E", "is_active": true, "created_at": "2026-07-08T06:35:48.719Z"}}, {"model": "Features.eresourcedepartment", "pk": 178, "fields": {"name": "AGRI", "parent": null, "order": 0}}, {"model": "Features.eresourcedepartment", "pk": 179, "fields": {"name": "BS Agriculture", "parent": 178, "order": 0}}, {"model": "Features.eresourcedepartment", "pk": 180, "fields": {"name": "CAF", "parent": null, "order": 0}}, {"model": "Features.eresourcedepartment", "pk": 181, "fields": {"name": "BIOSYSTEM ENGINEERING", "parent": 180, "order": 0}}, {"model": "Features.eresourcedepartment", "pk": 182, "fields": {"name": "1st year", "parent": 181, "order": 0}}, {"model": "Features.eresourcedepartment", "pk": 183, "fields": {"name": "2ND YEAR", "parent": 181, "order": 0}}, {"model": "Features.eresourcedepartment", "pk": 184, "fields": {"name": "3rd year", "parent": 181, "order": 0}}, {"model": "Features.eresourcedepartment", "pk": 185, "fields": {"name": "Fourth Year", "parent": 181, "order": 0}}, {"model": "Features.eresourcedepartment", "pk": 186, "fields": {"name": "Other related books for BSABE", "parent": 181, "order": 0}}, {"model": "Features.eresourcedepartment", "pk": 187, "fields": {"name": "CBA", "parent": null, "order": 0}}, {"model": "Features.eresourcedepartment", "pk": 188, "fields": {"name": "CCS", "parent": null, "order": 0}}, {"model": "Features.eresourcedepartment", "pk": 189, "fields": {"name": "BSCS", "parent": 188, "order": 0}}, {"model": "Features.eresourcedepartment", "pk": 190, "fields": {"name": "BSIS", "parent": 188, "order": 0}}, {"model": "Features.eresourcedepartment", "pk": 191, "fields": {"name": "Data Structures an Algorithms", "parent": 190, "order": 0}}, {"model": "Features.eresourcedepartment", "pk": 192, "fields": {"name": "Discrete Mathematics", "parent": 190, "order": 0}}, {"model": "Features.eresourcedepartment", "pk": 193, "fields": {"name": "Enterprise Architecture", "parent": 190, "order": 0}}, {"model": "Features.eresourcedepartment", "pk": 194, "fields": {"name": "Evaluation of Business Performance", "parent": 190, "order": 0}}, {"model": "Features.eresourcedepartment", "pk": 195, "fields": {"name": "Financial Management", "parent": 190, "order": 0}}, {"model": "Features.eresourcedepartment", "pk": 196, "fields": {"name": "Fundamentals of Information Systems", "parent": 190, "order": 0}}, {"model": "Features.eresourcedepartment", "pk": 197, "fields": {"name": "Fundamentals of Programming", "parent": 190, "order": 0}}, {"model": "Features.eresourcedepartment", "pk": 198, "fields": {"name": "Information Management", "parent": 190, "order": 0}}, {"model": "Features.eresourcedepartment", "pk": 199, "fields": {"name": "Intermediate Programming", "parent": 190, "order": 0}}, {"model": "Features.eresourcedepartment", "pk": 200, "fields": {"name": "Intro to 2D Animation", "parent": 190, "order": 0}}, {"model": "Features.eresourcedepartment", "pk": 201, "fields": {"name": "Introduction to Computing", "parent": 190, "order": 0}}, {"model": "Features.eresourcedepartment", "pk": 202, "fields": {"name": "IT Infrastructure & Network Techonologies", "parent": 190, "order": 0}}, {"model": "Features.eresourcedepartment", "pk": 203, "fields": {"name": "Mathematics in the Modern World", "parent": 190, "order": 0}}, {"model": "Features.eresourcedepartment", "pk": 204, "fields": {"name": "Multimedia Systems", "parent": 190, "order": 0}}, {"model": "Features.eresourcedepartment", "pk": 205, "fields": {"name": "Object Oriented Programming", "parent": 190, "order": 0}}, {"model": "Features.eresourcedepartment", "pk": 206, "fields": {"name": "PC Troubleshooting and Networking", "parent": 190, "order": 0}}, {"model": "Features.eresourcedepartment", "pk": 207, "fields": {"name": "Quantitative Methods", "parent": 190, "order": 0}}, {"model": "Features.eresourcedepartment", "pk": 208, "fields": {"name": "Science, Technology and Society", "parent": 190, "order": 0}}, {"model": "Features.eresourcedepartment", "pk": 209, "fields": {"name": "Web Systems and Technologies", "parent": 190, "order": 0}}, {"model": "Features.eresourcedepartment", "pk": 210, "fields": {"name": "CTED", "parent": null, "order": 0}}, {"model": "Features.eresourcedepartment", "pk": 211, "fields": {"name": "BEED", "parent": 210, "order": 0}}, {"model": "Features.eresourcedepartment", "pk": 212, "fields": {"name": "BPE", "parent": 210, "order": 0}}, {"model": "Features.eresourcedepartment", "pk": 213, "fields": {"name": "Applied Motor Control and Learning of Exercise Sports and Dance", "parent": 212, "order": 0}}, {"model": "Features.eresourcedepartment", "pk": 214, "fields": {"name": "Assessment in Learning 1", "parent": 212, "order": 0}}, {"model": "Features.eresourcedepartment", "pk": 215, "fields": {"name": "Assessment in Learning 2", "parent": 212, "order": 0}}, {"model": "Features.eresourcedepartment", "pk": 216, "fields": {"name": "Building and Enhancing New Literacies  Across the Curriculum", "parent": 212, "order": 0}}, {"model": "Features.eresourcedepartment", "pk": 217, "fields": {"name": "Coordinated School Health Program", "parent": 212, "order": 0}}, {"model": "Features.eresourcedepartment", "pk": 218, "fields": {"name": "Curriculum and Assessment for Physical Education and Health Education", "parent": 212, "order": 0}}, {"model": "Features.eresourcedepartment", "pk": 219, "fields": {"name": "Dalumat sa Filipino", "parent": 212, "order": 0}}, {"model": "Features.eresourcedepartment", "pk": 220, "fields": {"name": "Drug Education , Consumer Health Education and Healthy Eating", "parent": 212, "order": 0}}, {"model": "Features.eresourcedepartment", "pk": 221, "fields": {"name": "Emergency Preparedness and Safety Management", "parent": 212, "order": 0}}, {"model": "Features.eresourcedepartment", "pk": 222, "fields": {"name": "Foundation of Special and Inclusive Education", "parent": 212, "order": 0}}, {"model": "Features.eresourcedepartment", "pk": 223, "fields": {"name": "Individual and Dual Sports (Racket Sports, Athletics, Martial Arts)", "parent": 212, "order": 0}}, {"model": "Features.eresourcedepartment", "pk": 224, "fields": {"name": "International Dance and Other Forms", "parent": 212, "order": 0}}, {"model": "Features.eresourcedepartment", "pk": 225, "fields": {"name": "Personal, Community and Environmental Health", "parent": 212, "order": 0}}, {"model": "Features.eresourcedepartment", "pk": 226, "fields": {"name": "Emergency Preparedness and Safety Management", "parent": 225, "order": 0}}, {"model": "Features.eresourcedepartment", "pk": 227, "fields": {"name": "Philippine Dance and Other Forms", "parent": 212, "order": 0}}, {"model": "Features.eresourcedepartment", "pk": 228, "fields": {"name": "Philippine Government and Constitution", "parent": 212, "order": 0}}, {"model": "Features.eresourcedepartment", "pk": 229, "fields": {"name": "Philippine Traditional Dances", "parent": 212, "order": 0}}, {"model": "Features.eresourcedepartment", "pk": 230, "fields": {"name": "Process of Teaching PE & Health Education", "parent": 212, "order": 0}}, {"model": "Features.eresourcedepartment", "pk": 231, "fields": {"name": "Research 1", "parent": 212, "order": 0}}, {"model": "Features.eresourcedepartment", "pk": 232, "fields": {"name": "Research 1", "parent": 231, "order": 0}}, {"model": "Features.eresourcedepartment", "pk": 233, "fields": {"name": "Research 2", "parent": 212, "order": 0}}, {"model": "Features.eresourcedepartment", "pk": 234, "fields": {"name": "Sports and Exercise Psychology", "parent": 212, "order": 0}}, {"model": "Features.eresourcedepartment", "pk": 235, "fields": {"name": "Technology Application 2", "parent": 212, "order": 0}}, {"model": "Features.eresourcedepartment", "pk": 236, "fields": {"name": "The Teacher and the School Curriculum", "parent": 212, "order": 0}}, {"model": "Features.eresourcedepartment", "pk": 237, "fields": {"name": "The Teaching Profession", "parent": 212, "order": 0}}, {"model": "Features.eresourcefile", "pk": 775, "fields": {"department": 179, "name": "01.-Basic-Agriculture.-Student-Handbook-author-Shiksha-Kendra.pdf", "file": "e_resources/01_Sx6iwPc.-Basic-Agriculture.-Student-Handbook-author-Shiksha-Kendra.pdf", "is_active": true, "created_at": "2026-07-06T08:03:33.561Z"}}, {"model": "Features.eresourcefile", "pk": 776, "fields": {"department": 179, "name": "02.-Farmer-s-Handbook-on-Basic-Agriculture-author-Chandra-Shekara-Ajit-Kumar-N.-Balasubramani-Bakul-C.-Chaudhary-Rajeev-Sharma-Max-Baumann-and-Chitra-Shukla.pdf", "file": "e_resources/02_xLRgwrf.-Farmer-s-Handbook-on-Basic-Agriculture-author-Chandra-Shekara-Ajit-Kumar-N.-Balasubramani-Bakul-C.-Chaudhary-Rajeev-Sharma-Max-Baumann-and-Chitra-Shukla.pdf", "is_active": true, "created_at": "2026-07-06T08:03:33.571Z"}}, {"model": "Features.eresourcefile", "pk": 777, "fields": {"department": 179, "name": "05.-Northeast-Beginning-Farmer_s-Field-Journal-author-Greenhorns.pdf", "file": "e_resources/05_ytP7IIB.-Northeast-Beginning-Farmer_s-Field-Journal-author-Greenhorns.pdf", "is_active": true, "created_at": "2026-07-06T08:03:33.580Z"}}, {"model": "Features.eresourcefile", "pk": 778, "fields": {"department": 179, "name": "09.-Understanding-Farming.-Facts-and-figures-about-German-farming-author-Federal-Ministry-of-Food-and-Agriculture-BMEL.pdf", "file": "e_resources/09_jjiTCG5.-Understanding-Farming.-Facts-and-figures-about-German-farming-author-Federal-Ministry-of-Food-and-Agriculture-BMEL.pdf", "is_active": true, "created_at": "2026-07-06T08:03:33.591Z"}}, {"model": "Features.eresourcefile", "pk": 779, "fields": {"department": 179, "name": "14.-Teaching-Organic-Farming-Gardening-author-Martha-Brown-Jan-Perez-and-Albie-Miles.pdf", "file": "e_resources/14_8jLOHok.-Teaching-Organic-Farming-Gardening-author-Martha-Brown-Jan-Perez-and-Albie-Miles.pdf", "is_active": true, "created_at": "2026-07-06T08:03:33.600Z"}}, {"model": "Features.eresourcefile", "pk": 780, "fields": {"department": 179, "name": "15.-Training-manual-for-organic-agriculture-author-Nadia-Scialabba-Ilka-Gomez-and-Lisa-Thivant.pdf", "file": "e_resources/15_DWEUMZR.-Training-manual-for-organic-agriculture-author-Nadia-Scialabba-Ilka-Gomez-and-Lisa-Thivant.pdf", "is_active": true, "created_at": "2026-07-06T08:03:33.612Z"}}, {"model": "Features.eresourcefile", "pk": 781, "fields": {"department": 179, "name": "16.-National-Organic-Farming-Handbook-author-USDA.pdf", "file": "e_resources/16_orNFEy3.-National-Organic-Farming-Handbook-author-USDA.pdf", "is_active": true, "created_at": "2026-07-06T08:03:33.618Z"}}, {"model": "Features.eresourcefile", "pk": 782, "fields": {"department": 179, "name": "17.-Organic-Food-and-Farming-author-Ifoam-EU-Group.pdf", "file": "e_resources/17_Pv91QDy.-Organic-Food-and-Farming-author-Ifoam-EU-Group.pdf", "is_active": true, "created_at": "2026-07-06T08:03:33.625Z"}}, {"model": "Features.eresourcefile", "pk": 783, "fields": {"department": 179, "name": "18.-What-is-Organic-Farming-author-HDRA.pdf", "file": "e_resources/18_ztEWmij.-What-is-Organic-Farming-author-HDRA.pdf", "is_active": true, "created_at": "2026-07-06T08:03:33.631Z"}}, {"model": "Features.eresourcefile", "pk": 784, "fields": {"department": 179, "name": "20.-Sustainable-Agriculture-author-Fritz-J.-H-ni-L-szl-Pint-r-and-Hans-R.-Herren.pdf", "file": "e_resources/20_jJORbSU.-Sustainable-Agriculture-author-Fritz-J.-H-ni-L-szl-Pint-r-and-Hans-R.-Herren.pdf", "is_active": true, "created_at": "2026-07-06T08:03:33.638Z"}}, {"model": "Features.eresourcefile", "pk": 785, "fields": {"department": 179, "name": "21.-Building-Resilience-for-Adaptation-to-Climate-Change-in-the-Agriculture-Sector-author-Alexandre-Meybeck-Jussi-Lankoski-Suzanne-Redfern-Nadine-Azzu-and-Vincent-Gitz.pdf", "file": "e_resources/21_LQaQklW.-Building-Resilience-for-Adaptation-to-Climate-Change-in-the-Agriculture-Sector-author-Alexandre-Meybeck-Jussi-Lankoski-Suzanne-Redfern-Nadine-Azzu-and-Vincent-Gitz.pdf", "is_active": true, "created_at": "2026-07-06T08:03:33.647Z"}}, {"model": "Features.eresourcefile", "pk": 786, "fields": {"department": 179, "name": "22.-Agroecology-Best-Practices-author-Agrisud-International.pdf", "file": "e_resources/22_yGYU6mX.-Agroecology-Best-Practices-author-Agrisud-International.pdf", "is_active": true, "created_at": "2026-07-06T08:03:33.665Z"}}, {"model": "Features.eresourcefile", "pk": 787, "fields": {"department": 179, "name": "23.-Approaches-to-Sustainable-Agriculture-author-Barbara-Pia-Oberc-and-Alberto-Arroyo-Schnell.pdf", "file": "e_resources/23_9mxZZsY.-Approaches-to-Sustainable-Agriculture-author-Barbara-Pia-Oberc-and-Alberto-Arroyo-Schnell.pdf", "is_active": true, "created_at": "2026-07-06T08:03:33.674Z"}}, {"model": "Features.eresourcefile", "pk": 788, "fields": {"department": 179, "name": "24.-Farming-Systems-and-Sustainable-Agriculture-author-V.-Praveen-Rao-R.-Veeraraghavaiah-S.-Hemalatha-and-B.-Joseph (1).pdf", "file": "e_resources/24_pDjrBPJ.-Farming-Systems-and-Sustainable-Agriculture-author-V.-Praveen-Rao-R.-Veeraraghavaiah-S.-Hemalatha-and-B.-Joseph_1.pdf", "is_active": true, "created_at": "2026-07-06T08:03:33.683Z"}}, {"model": "Features.eresourcefile", "pk": 789, "fields": {"department": 179, "name": "Harvesting-Prosperity-Technology-and-Productivity-Growth-in-Agriculture-Keith-Fuglie-Madhur-Gautam-Aparajita-Goyal-and-William-F.-Maloney.pdf", "file": "e_resources/Harvesting-Prosperity-Technology-and-Productivity-Growth-in-Agriculture-Keith-Fuglie-Madhur-Gautam-Aparajita-Goyal-and-William-F_xhzeHyv.-Maloney.pdf", "is_active": true, "created_at": "2026-07-06T08:03:33.692Z"}}, {"model": "Features.eresourcefile", "pk": 790, "fields": {"department": 179, "name": "Indian-Agriculture-after-Independence.pdf", "file": "e_resources/Indian-Agriculture-after-Independence_og0p6Sm.pdf", "is_active": true, "created_at": "2026-07-06T08:03:33.712Z"}}, {"model": "Features.eresourcefile", "pk": 791, "fields": {"department": 182, "name": "AdvancedEngineeringMathematics 10th Ed_Erwin Kreyszig_2006.pdf", "file": "e_resources/AdvancedEngineeringMathematics_10th_Ed_Erwin_Kreyszig_2006_h3GbVz2.pdf", "is_active": true, "created_at": "2026-07-06T08:03:33.740Z"}}, {"model": "Features.eresourcefile", "pk": 792, "fields": {"department": 182, "name": "ANIMAL SCIENCE_Andy Baker_1993.pdf", "file": "e_resources/ANIMAL_SCIENCE_Andy_Baker_1993_yIAiqbS.pdf", "is_active": true, "created_at": "2026-07-06T08:03:33.770Z"}}, {"model": "Features.eresourcefile", "pk": 793, "fields": {"department": 182, "name": "CALCULUS MADE EASY_2nd Ed._F.R.S_1914.pdf", "file": "e_resources/CALCULUS_MADE_EASY_2nd_Ed_HA93RuD._F.R.S_1914.pdf", "is_active": true, "created_at": "2026-07-06T08:03:33.779Z"}}, {"model": "Features.eresourcefile", "pk": 794, "fields": {"department": 182, "name": "Calculus1_Veselin Jungic_2022.pdf", "file": "e_resources/Calculus1_Veselin_Jungic_2022_0zmca2s.pdf", "is_active": true, "created_at": "2026-07-06T08:03:33.789Z"}}, {"model": "Features.eresourcefile", "pk": 795, "fields": {"department": 182, "name": "Calculus2_Veselin Jungic_2023.pdf", "file": "e_resources/Calculus2_Veselin_Jungic_2023_lgqCNGZ.pdf", "is_active": true, "created_at": "2026-07-06T08:03:33.798Z"}}, {"model": "Features.eresourcefile", "pk": 796, "fields": {"department": 182, "name": "Calculus_Gilbert Strang_Vol1_2018.pdf", "file": "e_resources/Calculus_Gilbert_Strang_Vol1_2018_VT9wRp8.pdf", "is_active": true, "created_at": "2026-07-06T08:03:33.851Z"}}, {"model": "Features.eresourcefile", "pk": 797, "fields": {"department": 182, "name": "COMPUTER AIDED CIVIL ENGINEERING DRAWING LAB MANUAL_Mrs. B. Lavanya_2023.pdf", "file": "e_resources/COMPUTER_AIDED_CIVIL_ENGINEERING_DRAWING_LAB_MANUAL_Mrs_DnfdrUh._B._Lavanya_2023.pdf", "is_active": true, "created_at": "2026-07-06T08:03:33.863Z"}}, {"model": "Features.eresourcefile", "pk": 798, "fields": {"department": 182, "name": "COMPUTER AIDED DRAFTING_Debasish Sen_2022.pdf", "file": "e_resources/COMPUTER_AIDED_DRAFTING_Debasish_Sen_2022_TeMnS3E.pdf", "is_active": true, "created_at": "2026-07-06T08:03:33.874Z"}}, {"model": "Features.eresourcefile", "pk": 799, "fields": {"department": 182, "name": "COMPUTER AIDED DRAWING_Dr.G. Mylsami_2014.pdf", "file": "e_resources/COMPUTER_AIDED_DRAWING_Dr_96iiWoE.G._Mylsami_2014.pdf", "is_active": true, "created_at": "2026-07-06T08:03:33.916Z"}}, {"model": "Features.eresourcefile", "pk": 800, "fields": {"department": 182, "name": "Computer Aided Engineering Design _Saxena, Sahay (Springer)_2005.pdf", "file": "e_resources/Computer_Aided_Engineering_Design__Saxena_Sahay_Springer_2005_jssOg2S.pdf", "is_active": true, "created_at": "2026-07-06T08:03:34.164Z"}}, {"model": "Features.eresourcefile", "pk": 801, "fields": {"department": 182, "name": "COMPUTER-AIDED DRAFTING AND DESIGN.pdf", "file": "e_resources/COMPUTER-AIDED_DRAFTING_AND_DESIGN_eBWF3t7.pdf", "is_active": true, "created_at": "2026-07-06T08:03:34.255Z"}}, {"model": "Features.eresourcefile", "pk": 802, "fields": {"department": 182, "name": "Concept of Indigenous Peoples in Asia Digital_Christian Erni_2018.pdf", "file": "e_resources/Concept_of_Indigenous_Peoples_in_Asia_Digital_Christian_Erni_2018_1wCkoyT.pdf", "is_active": true, "created_at": "2026-07-06T08:03:34.264Z"}}, {"model": "Features.eresourcefile", "pk": 803, "fields": {"department": 182, "name": "Engineering Mechanics 1 Statics_2nd ed_Dietmar Gross_2013.pdf", "file": "e_resources/Engineering_Mechanics_1_Statics_2nd_ed_Dietmar_Gross_2013_UEr9mky.pdf", "is_active": true, "created_at": "2026-07-06T08:03:34.277Z"}}, {"model": "Features.eresourcefile", "pk": 804, "fields": {"department": 182, "name": "ENGINEERING MECHANICS STATICS_14th EDITION_R.C Hibbeler_2016.pdf", "file": "e_resources/ENGINEERING_MECHANICS_STATICS_14th_EDITION_R_RplyZik.C_Hibbeler_2016.pdf", "is_active": true, "created_at": "2026-07-06T08:03:34.426Z"}}, {"model": "Features.eresourcefile", "pk": 805, "fields": {"department": 182, "name": "ENVIRONMENTAL-SCIENCE-1_Durgasrilakshmi Hari.pdf", "file": "e_resources/ENVIRONMENTAL-SCIENCE-1_Durgasrilakshmi_Hari_obTrcCE.pdf", "is_active": true, "created_at": "2026-07-06T08:03:34.435Z"}}, {"model": "Features.eresourcefile", "pk": 806, "fields": {"department": 182, "name": "Fundamental of Soil Sci_Dr.N.N Goswami_2009.pdf", "file": "e_resources/Fundamental_of_Soil_Sci_Dr_w5HU0oG.N.N_Goswami_2009.pdf", "is_active": true, "created_at": "2026-07-06T08:03:34.553Z"}}, {"model": "Features.eresourcefile", "pk": 807, "fields": {"department": 182, "name": "FUNDAMENTALS OF SURVEYING_S.K. Roy_1999.pdf", "file": "e_resources/FUNDAMENTALS_OF_SURVEYING_S_tuTKXWN.K._Roy_1999.pdf", "is_active": true, "created_at": "2026-07-06T08:03:34.643Z"}}, {"model": "Features.eresourcefile", "pk": 808, "fields": {"department": 182, "name": "INTRODUCTION TO ANIMAL SCIENCE for plant science_Lidetu Shanko_2012.pdf", "file": "e_resources/INTRODUCTION_TO_ANIMAL_SCIENCE_for_plant_science_Lidetu_Shanko_2012_g1i75dp.pdf", "is_active": true, "created_at": "2026-07-06T08:03:34.654Z"}}, {"model": "Features.eresourcefile", "pk": 809, "fields": {"department": 182, "name": "Introduction to Biosystem Engineering_Nicholas M. Holden_2020.pdf", "file": "e_resources/Introduction_to_Biosystem_Engineering_Nicholas_M_bfVCJ8u._Holden_2020.pdf", "is_active": true, "created_at": "2026-07-06T08:03:34.728Z"}}, {"model": "Features.eresourcefile", "pk": 810, "fields": {"department": 182, "name": "Introduction to Environmental impact Assessment_Prof. john Glasson_2019.pdf", "file": "e_resources/Introduction_to_Environmental_impact_Assessment_Prof_0IcvfVQ._john_Glasson_2019.pdf", "is_active": true, "created_at": "2026-07-06T08:03:34.744Z"}}, {"model": "Features.eresourcefile", "pk": 811, "fields": {"department": 182, "name": "MATH 11 APPLIED COLLEGE MATHEMATICS_Leanne Merrill_2025.pdf", "file": "e_resources/MATH_11_APPLIED_COLLEGE_MATHEMATICS_Leanne_Merrill_2025_HSLB42Y.pdf", "is_active": true, "created_at": "2026-07-06T08:03:34.757Z"}}, {"model": "Features.eresourcefile", "pk": 812, "fields": {"department": 182, "name": "Mathematics in the Modern World_Grace Ann Magsino.pdf", "file": "e_resources/Mathematics_in_the_Modern_World_Grace_Ann_Magsino_WU7dBnC.pdf", "is_active": true, "created_at": "2026-07-06T08:03:34.779Z"}}, {"model": "Features.eresourcefile", "pk": 813, "fields": {"department": 182, "name": "Modern Physics for Engineers_David A.B. Miller_2025.pdf", "file": "e_resources/Modern_Physics_for_Engineers_David_A_jpdqhtw.B._Miller_2025.pdf", "is_active": true, "created_at": "2026-07-06T08:03:34.822Z"}}, {"model": "Features.eresourcefile", "pk": 814, "fields": {"department": 182, "name": "PATHFIT 1 PE01 MOVEMENT ENHANCEMENT_Evelyn N. Dagami_2020.pdf", "file": "e_resources/PATHFIT_1_PE01_MOVEMENT_ENHANCEMENT_Evelyn_N_ME1MayA._Dagami_2020.pdf", "is_active": true, "created_at": "2026-07-06T08:03:34.831Z"}}, {"model": "Features.eresourcefile", "pk": 815, "fields": {"department": 182, "name": "Perrys Chemical Engineers handbook_Robert H. Perry_1999.pdf", "file": "e_resources/Perrys_Chemical_Engineers_handbook_Robert_H_kxYrFi1._Perry_1999.pdf", "is_active": true, "created_at": "2026-07-06T08:03:34.987Z"}}, {"model": "Features.eresourcefile", "pk": 816, "fields": {"department": 182, "name": "Physics For Scientists and Engineers With Modern Physics_Raymond A. Serway_2010.pdf", "file": "e_resources/Physics_For_Scientists_and_Engineers_With_Modern_Physics_Raymond_A_R1dpOef._Serway_2010.pdf", "is_active": true, "created_at": "2026-07-06T08:03:35.183Z"}}, {"model": "Features.eresourcefile", "pk": 817, "fields": {"department": 182, "name": "PRINCIPLES AND PRACTICE OF SOIL SCIENCE_Robert E. White_2006.pdf", "file": "e_resources/PRINCIPLES_AND_PRACTICE_OF_SOIL_SCIENCE_Robert_E_yWAUzSq._White_2006.pdf", "is_active": true, "created_at": "2026-07-06T08:03:35.195Z"}}, {"model": "Features.eresourcefile", "pk": 818, "fields": {"department": 182, "name": "Principles of Animal Nutrition_Gouyao Wu_2018.pdf", "file": "e_resources/Principles_of_Animal_Nutrition_Gouyao_Wu_2018_qC8knHj.pdf", "is_active": true, "created_at": "2026-07-06T08:03:35.315Z"}}, {"model": "Features.eresourcefile", "pk": 819, "fields": {"department": 182, "name": "PRINCIPLES OF CROP PRODUCTION.pdf", "file": "e_resources/PRINCIPLES_OF_CROP_PRODUCTION_T2UH9Zp.pdf", "is_active": true, "created_at": "2026-07-06T08:03:35.326Z"}}, {"model": "Features.eresourcefile", "pk": 820, "fields": {"department": 182, "name": "PRINCIPLES OF SOIL SCIENCE EXERCISE MANUAL_Mark W. Bowen_2025.pdf", "file": "e_resources/PRINCIPLES_OF_SOIL_SCIENCE_EXERCISE_MANUAL_Mark_W_ZsOJu9q._Bowen_2025.pdf", "is_active": true, "created_at": "2026-07-06T08:03:35.337Z"}}, {"model": "Features.eresourcefile", "pk": 821, "fields": {"department": 182, "name": "Surveying manual_Donald Walker_2002.pdf", "file": "e_resources/Surveying_manual_Donald_Walker_2002_yw7qEb6.pdf", "is_active": true, "created_at": "2026-07-06T08:03:35.346Z"}}, {"model": "Features.eresourcefile", "pk": 822, "fields": {"department": 182, "name": "Surveying-for-engineers_J. Uren_1994.pdf", "file": "e_resources/Surveying-for-engineers_J_gUzIUkK._Uren_1994.pdf", "is_active": true, "created_at": "2026-07-06T08:03:35.549Z"}}, {"model": "Features.eresourcefile", "pk": 823, "fields": {"department": 182, "name": "Teaching Philippine Indigenous Cultures Modules for Higher Education Institutions_Hazel T. Biana, Ph.D._2016.pdf", "file": "e_resources/Teaching_Philippine_Indigenous_Cultures_Modules_for_Higher_Education_Institutions_Hazel_T_3TEkGaN._Biana_Ph.D._2016.pdf", "is_active": true, "created_at": "2026-07-06T08:03:35.581Z"}}, {"model": "Features.eresourcefile", "pk": 824, "fields": {"department": 182, "name": "Textbook of ANIMAL SCIENCE_Dr. D. Sreekumar_2015.pdf", "file": "e_resources/Textbook_of_ANIMAL_SCIENCE_Dr_3CH5B7Y._D._Sreekumar_2015.pdf", "is_active": true, "created_at": "2026-07-06T08:03:35.602Z"}}, {"model": "Features.eresourcefile", "pk": 825, "fields": {"department": 183, "name": "ABE 101 Intro to Agriculture and Bio Enviromental Engineering.pdf", "file": "e_resources/ABE_101_Intro_to_Agriculture_and_Bio_Enviromental_Engineering_HtjcVEp.pdf", "is_active": true, "created_at": "2026-07-06T08:03:35.624Z"}}, {"model": "Features.eresourcefile", "pk": 826, "fields": {"department": 183, "name": "AGRICULTURAL ENGINEERING FORMULA_Alexis T. Belonio_2006.pdf", "file": "e_resources/AGRICULTURAL_ENGINEERING_FORMULA_Alexis_T_tZ4zTV3._Belonio_2006.pdf", "is_active": true, "created_at": "2026-07-06T08:03:35.629Z"}}, {"model": "Features.eresourcefile", "pk": 827, "fields": {"department": 183, "name": "Art Appreciation_Cynthia Costa_2025.pdf", "file": "e_resources/Art_Appreciation_Cynthia_Costa_2025_AWoLAtV.pdf", "is_active": true, "created_at": "2026-07-06T08:03:35.640Z"}}, {"model": "Features.eresourcefile", "pk": 828, "fields": {"department": 183, "name": "BASIC OF THERMODYNAMICS.pdf", "file": "e_resources/BASIC_OF_THERMODYNAMICS_xyJuVqn.pdf", "is_active": true, "created_at": "2026-07-06T08:03:35.647Z"}}, {"model": "Features.eresourcefile", "pk": 829, "fields": {"department": 183, "name": "DIFFERENTIAL EQUATIONS 1.pdf", "file": "e_resources/DIFFERENTIAL_EQUATIONS_1_TXss6z8.pdf", "is_active": true, "created_at": "2026-07-06T08:03:35.657Z"}}, {"model": "Features.eresourcefile", "pk": 830, "fields": {"department": 183, "name": "DIFFERENTIAL EQUATION_2011.pdf", "file": "e_resources/DIFFERENTIAL_EQUATION_2011_MIqshDK.pdf", "is_active": true, "created_at": "2026-07-06T08:03:35.665Z"}}, {"model": "Features.eresourcefile", "pk": 831, "fields": {"department": 183, "name": "ELEMENTARY DIFFERENTIAL EQUATIONS AND BOUNDARY VALUE PROBLEMS_11th Edition_William E. Boyce_2019.pdf", "file": "e_resources/ELEMENTARY_DIFFERENTIAL_EQUATIONS_AND_BOUNDARY_VALUE_PROBLEMS_11th_Edition_William_E_IBbCBG4._Boyce_2019.pdf", "is_active": true, "created_at": "2026-07-06T08:03:35.706Z"}}, {"model": "Features.eresourcefile", "pk": 832, "fields": {"department": 183, "name": "engineering data analysis.pdf", "file": "e_resources/engineering_data_analysis_bcOIGAk.pdf", "is_active": true, "created_at": "2026-07-06T08:03:35.727Z"}}, {"model": "Features.eresourcefile", "pk": 833, "fields": {"department": 183, "name": "ENGINEERING MECHANICS 2 MECHANICS OF MATERIALS_2nd Edition_Dietmar Gross_2017.pdf", "file": "e_resources/ENGINEERING_MECHANICS_2_MECHANICS_OF_MATERIALS_2nd_Edition_Dietmar_Gross_2017_3YRTth4.pdf", "is_active": true, "created_at": "2026-07-06T08:03:35.747Z"}}, {"model": "Features.eresourcefile", "pk": 834, "fields": {"department": 183, "name": "ENGINEERING THERMODYNAMICS_3rd Edition_R.K Rajput_2007.pdf", "file": "e_resources/ENGINEERING_THERMODYNAMICS_3rd_Edition_R_NMuQGl9.K_Rajput_2007.pdf", "is_active": true, "created_at": "2026-07-06T08:03:35.762Z"}}, {"model": "Features.eresourcefile", "pk": 835, "fields": {"department": 183, "name": "Engineering-EconomyLeland Blank_2005.pdf", "file": "e_resources/Engineering-EconomyLeland_Blank_2005_Sa8klJH.pdf", "is_active": true, "created_at": "2026-07-06T08:03:35.783Z"}}, {"model": "Features.eresourcefile", "pk": 836, "fields": {"department": 183, "name": "FLUID MECHANICS FUNDAMENTALS AND APPLICATIONS_Yunus A. Cengel_2014.pdf", "file": "e_resources/FLUID_MECHANICS_FUNDAMENTALS_AND_APPLICATIONS_Yunus_A_U9g2qxq._Cengel_2014.pdf", "is_active": true, "created_at": "2026-07-06T08:03:35.883Z"}}, {"model": "Features.eresourcefile", "pk": 837, "fields": {"department": 183, "name": "fluid mechanics_4th ed._Frank M. White.pdf", "file": "e_resources/fluid_mechanics_4th_ed_tLYQaIO._Frank_M._White.pdf", "is_active": true, "created_at": "2026-07-06T08:03:35.913Z"}}, {"model": "Features.eresourcefile", "pk": 838, "fields": {"department": 183, "name": "Fundamentals of Engineering Thermodynamics_Michael-J.Moran-Howard-N.-Shapiro_2006.pdf", "file": "e_resources/Fundamentals_of_Engineering_Thermodynamics_Michael-J_xhwakAP.Moran-Howard-N.-Shapiro_2006.pdf", "is_active": true, "created_at": "2026-07-06T08:03:36.149Z"}}, {"model": "Features.eresourcefile", "pk": 839, "fields": {"department": 183, "name": "GENDER AND SOCIETY.pdf", "file": "e_resources/GENDER_AND_SOCIETY_HuBVfTT.pdf", "is_active": true, "created_at": "2026-07-06T08:03:36.169Z"}}, {"model": "Features.eresourcefile", "pk": 840, "fields": {"department": 183, "name": "Gender and Society_Rodriguez_2023.pdf", "file": "e_resources/Gender_and_Society_Rodriguez_2023_EjldLTX.pdf", "is_active": true, "created_at": "2026-07-06T08:03:36.208Z"}}, {"model": "Features.eresourcefile", "pk": 841, "fields": {"department": 183, "name": "Heat Transfer_10th Edition_Jack P. Holman_2010.pdf", "file": "e_resources/Heat_Transfer_10th_Edition_Jack_P_tg918L5._Holman_2010.pdf", "is_active": true, "created_at": "2026-07-06T08:03:36.283Z"}}, {"model": "Features.eresourcefile", "pk": 842, "fields": {"department": 183, "name": "HyDROMETEOROLOGY_Dr.Osama T. Al-Ataai_2022.pdf", "file": "e_resources/HyDROMETEOROLOGY_Dr_x1CR01D.Osama_T._Al-Ataai_2022.pdf", "is_active": true, "created_at": "2026-07-06T08:03:36.294Z"}}, {"model": "Features.eresourcefile", "pk": 843, "fields": {"department": 183, "name": "PEACE EDUCATION_Dr. RajaGuro_2016.pdf", "file": "e_resources/PEACE_EDUCATION_Dr_c51l03k._RajaGuro_2016.pdf", "is_active": true, "created_at": "2026-07-06T08:03:36.303Z"}}, {"model": "Features.eresourcefile", "pk": 844, "fields": {"department": 183, "name": "PeaceEducation_3rd Ed_Loreta Navarro-Castro_2019.pdf", "file": "e_resources/PeaceEducation_3rd_Ed_Loreta_Navarro-Castro_2019_qXvRnxx.pdf", "is_active": true, "created_at": "2026-07-06T08:03:36.313Z"}}, {"model": "Features.eresourcefile", "pk": 845, "fields": {"department": 183, "name": "STRENGTH MATERIALS_4th Edition_Dr.R.K Bansal_2009.pdf", "file": "e_resources/STRENGTH_MATERIALS_4th_Edition_Dr_w2EpxRc.R.K_Bansal_2009.pdf", "is_active": true, "created_at": "2026-07-06T08:03:36.381Z"}}, {"model": "Features.eresourcefile", "pk": 846, "fields": {"department": 183, "name": "STRENGTH OF MATERIALS-1_S K Mondal_s_2007.pdf", "file": "e_resources/STRENGTH_OF_MATERIALS-1_S_K_Mondal_s_2007_mIgG0Md.pdf", "is_active": true, "created_at": "2026-07-06T08:03:36.397Z"}}, {"model": "Features.eresourcefile", "pk": 847, "fields": {"department": 184, "name": "ABE BMASS Handbook_Engr. Prof. M. C. Ndukwu_2025.pdf", "file": "e_resources/ABE_BMASS_Handbook_Engr_b0W3BMv._Prof._M._C._Ndukwu_2025.pdf", "is_active": true, "created_at": "2026-07-06T08:03:36.406Z"}}, {"model": "Features.eresourcefile", "pk": 848, "fields": {"department": 184, "name": "agricultural engineering_2023.pdf", "file": "e_resources/agricultural_engineering_2023_oeuzSWl.pdf", "is_active": true, "created_at": "2026-07-06T08:03:36.440Z"}}, {"model": "Features.eresourcefile", "pk": 849, "fields": {"department": 184, "name": "Agricultural Products Processing and Postharvest Storage_Bengang Wu_2023.pdf", "file": "e_resources/Agricultural_Products_Processing_and_Postharvest_Storage_Bengang_Wu_2023_7fwvlUw.pdf", "is_active": true, "created_at": "2026-07-06T08:03:36.495Z"}}, {"model": "Features.eresourcefile", "pk": 850, "fields": {"department": 184, "name": "Agricultural, Biosystems, and Biological_Umezuruike Linus Opara_2024.pdf", "file": "e_resources/Agricultural_Biosystems_and_Biological_Umezuruike_Linus_Opara_2024_vw6POtp.pdf", "is_active": true, "created_at": "2026-07-06T08:03:36.500Z"}}, {"model": "Features.eresourcefile", "pk": 851, "fields": {"department": 184, "name": "AGRICULTURE ENGINEERING_Arthur W. Farrall_1965.pdf", "file": "e_resources/AGRICULTURE_ENGINEERING_Arthur_W_5TbsjhD._Farrall_1965.pdf", "is_active": true, "created_at": "2026-07-06T08:03:36.615Z"}}, {"model": "Features.eresourcefile", "pk": 852, "fields": {"department": 184, "name": "Basics of Agriculture for Engineers_Rakesh Kumar Sharma_2014.pdf", "file": "e_resources/Basics_of_Agriculture_for_Engineers_Rakesh_Kumar_Sharma_2014_U6T1B9G.pdf", "is_active": true, "created_at": "2026-07-06T08:03:36.629Z"}}, {"model": "Features.eresourcefile", "pk": 853, "fields": {"department": 184, "name": "CIGR Handbook of Agricultural Engineering Volume III_Bill A. Stout_199.pdf", "file": "e_resources/CIGR_Handbook_of_Agricultural_Engineering_Volume_III_Bill_A_6gZw5YM._Stout_199.pdf", "is_active": true, "created_at": "2026-07-06T08:03:36.671Z"}}, {"model": "Features.eresourcefile", "pk": 854, "fields": {"department": 184, "name": "COMPUTER APPLICATIONS FIRST STAGE_Shahd Ali Abdualmohsen.pdf", "file": "e_resources/COMPUTER_APPLICATIONS_FIRST_STAGE_Shahd_Ali_Abdualmohsen_y77LgLA.pdf", "is_active": true, "created_at": "2026-07-06T08:03:36.686Z"}}, {"model": "Features.eresourcefile", "pk": 855, "fields": {"department": 184, "name": "COMPUTER APPLICATIONS IN ENGINEERING AND MANAGEMENT_Parveen Berwal_2022.pdf", "file": "e_resources/COMPUTER_APPLICATIONS_IN_ENGINEERING_AND_MANAGEMENT_Parveen_Berwal_2022_c4rFnUe.pdf", "is_active": true, "created_at": "2026-07-06T08:03:36.709Z"}}, {"model": "Features.eresourcefile", "pk": 856, "fields": {"department": 184, "name": "COMPUTER APPLICATIONS_Sanjey Saxena_2020.pdf", "file": "e_resources/COMPUTER_APPLICATIONS_Sanjey_Saxena_2020_gjMVpHt.pdf", "is_active": true, "created_at": "2026-07-06T08:03:36.857Z"}}, {"model": "Features.eresourcefile", "pk": 857, "fields": {"department": 184, "name": "CONTROL SYSTEM ENGINEERING 1.pdf", "file": "e_resources/CONTROL_SYSTEM_ENGINEERING_1_pxdTzIi.pdf", "is_active": true, "created_at": "2026-07-06T08:03:36.896Z"}}, {"model": "Features.eresourcefile", "pk": 858, "fields": {"department": 184, "name": "CURRICULA AND SYLLABI B.Tech. AGRICULTURAL ENGINEERING (Regulations 2023).pdf", "file": "e_resources/CURRICULA_AND_SYLLABI_B_J5WRRhX.Tech._AGRICULTURAL_ENGINEERING_Regulations_2023.pdf", "is_active": true, "created_at": "2026-07-06T08:03:36.942Z"}}, {"model": "Features.eresourcefile", "pk": 859, "fields": {"department": 184, "name": "DRAINAGE PRINCIPLES AND APPLICATIONS_H.P. Rit zema_1972.pdf", "file": "e_resources/DRAINAGE_PRINCIPLES_AND_APPLICATIONS_H_DW5tKgz.P._Rit_zema_1972.pdf", "is_active": true, "created_at": "2026-07-06T08:03:37.082Z"}}, {"model": "Features.eresourcefile", "pk": 860, "fields": {"department": 184, "name": "Electrical Electronic Principles Technology_2nd Ed._John Bird_2023 pdf.pdf", "file": "e_resources/Electrical_Electronic_Principles_Technology_2nd_Ed_Evwv7ZI._John_Bird_2023_pdf.pdf", "is_active": true, "created_at": "2026-07-06T08:03:37.095Z"}}, {"model": "Features.eresourcefile", "pk": 861, "fields": {"department": 184, "name": "engagement-in-practice-scaling-community-based-design-experiences_2018.pdf", "file": "e_resources/engagement-in-practice-scaling-community-based-design-experiences_2018_3kWiEQl.pdf", "is_active": true, "created_at": "2026-07-06T08:03:37.100Z"}}, {"model": "Features.eresourcefile", "pk": 862, "fields": {"department": 184, "name": "ENGINEERING MATERIALS 1 An Introduction to Properties and Design_Michael F. Ashby_2005.pdf", "file": "e_resources/ENGINEERING_MATERIALS_1_An_Introduction_to_Properties_and_Design_Michael_F_PGtXh7U._Ashby_2005.pdf", "is_active": true, "created_at": "2026-07-06T08:03:37.136Z"}}, {"model": "Features.eresourcefile", "pk": 863, "fields": {"department": 184, "name": "fundamental of soil water conservation eng_TNAU, Tamil Nadu.pdf", "file": "e_resources/fundamental_of_soil_water_conservation_eng_TNAU_Tamil_Nadu_x1V4rzb.pdf", "is_active": true, "created_at": "2026-07-06T08:03:37.178Z"}}, {"model": "Features.eresourcefile", "pk": 864, "fields": {"department": 184, "name": "introduction to machine design_Dr. Eng. Alaa El-Hazek_.pdf", "file": "e_resources/introduction_to_machine_design_Dr_zoY6fCK._Eng._Alaa_El-Hazek_.pdf", "is_active": true, "created_at": "2026-07-06T08:03:37.257Z"}}, {"model": "Features.eresourcefile", "pk": 865, "fields": {"department": 184, "name": "Irrigation and Drainage Engineering_E. Acha_2002.pdf", "file": "e_resources/Irrigation_and_Drainage_Engineering_E_ESiJZrW._Acha_2002.pdf", "is_active": true, "created_at": "2026-07-06T08:03:37.287Z"}}, {"model": "Features.eresourcefile", "pk": 866, "fields": {"department": 184, "name": "POWER ELECTRONIC CONTROL IN ELECTRICAL SYSTEMS_Evangelyn C. Alocilja, Ph.D..pdf", "file": "e_resources/POWER_ELECTRONIC_CONTROL_IN_ELECTRICAL_SYSTEMS_Evangelyn_C_TxU570D._Alocilja_Ph.D..pdf", "is_active": true, "created_at": "2026-07-06T08:03:37.304Z"}}, {"model": "Features.eresourcefile", "pk": 867, "fields": {"department": 184, "name": "Principles of BE Book 8_C.R. Kotari_2014.pdf", "file": "e_resources/Principles_of_BE_Book_8_C_TPirZgT.R._Kotari_2014.pdf", "is_active": true, "created_at": "2026-07-06T08:03:37.314Z"}}, {"model": "Features.eresourcefile", "pk": 868, "fields": {"department": 184, "name": "Research Methodology - Methods and Techniques 2004_Dr. Prabhat Pandey_2015.pdf", "file": "e_resources/Research_Methodology_-_Methods_and_Techniques_2004_Dr_Tf9kv6S._Prabhat_Pandey_2015.pdf", "is_active": true, "created_at": "2026-07-06T08:03:37.324Z"}}, {"model": "Features.eresourcefile", "pk": 869, "fields": {"department": 184, "name": "RESEARCH METHODOLOGY TOOLS AND TECHNIQUES_Eleanor Drago-Severson_2004.pdf", "file": "e_resources/RESEARCH_METHODOLOGY_TOOLS_AND_TECHNIQUES_Eleanor_Drago-Severson_2004_LAukfpz.pdf", "is_active": true, "created_at": "2026-07-06T08:03:37.344Z"}}, {"model": "Features.eresourcefile", "pk": 870, "fields": {"department": 184, "name": "RESEARCH METHODS FOR STUDYING ABE ESOL POPULATIONS_Dr. Kalluri Praveen_2025.pdf", "file": "e_resources/RESEARCH_METHODS_FOR_STUDYING_ABE_ESOL_POPULATIONS_Dr_ADMrlvc._Kalluri_Praveen_2025.pdf", "is_active": true, "created_at": "2026-07-06T08:03:37.352Z"}}, {"model": "Features.eresourcefile", "pk": 871, "fields": {"department": 184, "name": "Seedling and Planting in Agricultural Engineering Principles Practices and Technologies_Dr. M. Vinayak_2025.pdf", "file": "e_resources/Seedling_and_Planting_in_Agricultural_Engineering_Principles_Practices_and_Technologies_Dr_Kg0wXoF._M._Vinayak_2025.pdf", "is_active": true, "created_at": "2026-07-06T08:03:37.361Z"}}, {"model": "Features.eresourcefile", "pk": 872, "fields": {"department": 184, "name": "Soil and Water Conservation Engineering_Dr. A Mishra.pdf", "file": "e_resources/Soil_and_Water_Conservation_Engineering_Dr_I1V5tqP._A_Mishra.pdf", "is_active": true, "created_at": "2026-07-06T08:03:37.377Z"}}, {"model": "Features.eresourcefile", "pk": 873, "fields": {"department": 184, "name": "TRAINING MANUAL ON TECHNOPRENEURSHIP_Dr. Romulita C. Alto.pdf", "file": "e_resources/TRAINING_MANUAL_ON_TECHNOPRENEURSHIP_Dr_luVrIIi._Romulita_C._Alto.pdf", "is_active": true, "created_at": "2026-07-06T08:03:37.403Z"}}, {"model": "Features.eresourcefile", "pk": 874, "fields": {"department": 185, "name": "Agricultural Structures and Mechanization_Jose Perez-Alonzo_2022.pdf", "file": "e_resources/Agricultural_Structures_and_Mechanization_Jose_Perez-Alonzo_2022_PxaAxSR.pdf", "is_active": true, "created_at": "2026-07-06T08:03:37.588Z"}}, {"model": "Features.eresourcefile", "pk": 875, "fields": {"department": 185, "name": "AN APPLIED GUIDE TO PROCESS AND PLANT DESIGN_Sean Moran_2015.pdf", "file": "e_resources/AN_APPLIED_GUIDE_TO_PROCESS_AND_PLANT_DESIGN_Sean_Moran_2015_RYPtCq1.pdf", "is_active": true, "created_at": "2026-07-06T08:03:37.612Z"}}, {"model": "Features.eresourcefile", "pk": 876, "fields": {"department": 185, "name": "Aquaculture Engineering_Second Edition_Odd-Ivar Lekang_2013.pdf", "file": "e_resources/Aquaculture_Engineering_Second_Edition_Odd-Ivar_Lekang_2013_A9jH9Mp.pdf", "is_active": true, "created_at": "2026-07-06T08:03:37.640Z"}}, {"model": "Features.eresourcefile", "pk": 877, "fields": {"department": 185, "name": "Aquaculture-Engineering Second Edition.pdf", "file": "e_resources/Aquaculture-Engineering_Second_Edition_XKese3c.pdf", "is_active": true, "created_at": "2026-07-06T08:03:37.847Z"}}, {"model": "Features.eresourcefile", "pk": 878, "fields": {"department": 185, "name": "aquaculture-engineering_Odd-Ivar Lekang_2007.pdf", "file": "e_resources/aquaculture-engineering_Odd-Ivar_Lekang_2007_SZsVZOU.pdf", "is_active": true, "created_at": "2026-07-06T08:03:37.899Z"}}, {"model": "Features.eresourcefile", "pk": 879, "fields": {"department": 185, "name": "Basic Environmental Engineering_R.C gaur_2008.pdf", "file": "e_resources/Basic_Environmental_Engineering_R_42ltCAt.C_gaur_2008.pdf", "is_active": true, "created_at": "2026-07-06T08:03:37.911Z"}}, {"model": "Features.eresourcefile", "pk": 880, "fields": {"department": 185, "name": "Concise Environmental Engineering_Dawei Han_2012.pdf", "file": "e_resources/Concise_Environmental_Engineering_Dawei_Han_2012_k5EdOq3.pdf", "is_active": true, "created_at": "2026-07-06T08:03:37.964Z"}}, {"model": "Features.eresourcefile", "pk": 881, "fields": {"department": 185, "name": "Engineering Principles of Agricultural Machines_2nd Edition_Ajit K Srivastava_2006.pdf", "file": "e_resources/Engineering_Principles_of_Agricultural_Machines_2nd_Edition_Ajit_K_Srivastava_2006_TWwGrTa.pdf", "is_active": true, "created_at": "2026-07-06T08:03:38.062Z"}}, {"model": "Features.eresourcefile", "pk": 882, "fields": {"department": 185, "name": "Environmental Pollution and Control_4th ed._Jeffrey Peirece_1997.pdf", "file": "e_resources/Environmental_Pollution_and_Control_4th_ed_iZM6EjW._Jeffrey_Peirece_1997.pdf", "is_active": true, "created_at": "2026-07-06T08:03:38.115Z"}}, {"model": "Features.eresourcefile", "pk": 883, "fields": {"department": 185, "name": "Fundamentals of Business Process Management_Marlon Dumas_2018.pdf", "file": "e_resources/Fundamentals_of_Business_Process_Management_Marlon_Dumas_2018_1GsYDgM.pdf", "is_active": true, "created_at": "2026-07-06T08:03:38.181Z"}}, {"model": "Features.eresourcefile", "pk": 884, "fields": {"department": 185, "name": "fundamentals of food process engineering_Romeo T. Toledo_2007.pdf", "file": "e_resources/fundamentals_of_food_process_engineering_Romeo_T_4jFJc3J._Toledo_2007.pdf", "is_active": true, "created_at": "2026-07-06T08:03:38.199Z"}}, {"model": "Features.eresourcefile", "pk": 885, "fields": {"department": 185, "name": "Global Livestock production System_Timothy Robinson.pdf", "file": "e_resources/Global_Livestock_production_System_Timothy_Robinson_ItSBCRF.pdf", "is_active": true, "created_at": "2026-07-06T08:03:38.253Z"}}, {"model": "Features.eresourcefile", "pk": 886, "fields": {"department": 185, "name": "Introduction to Biosystems Engineering_Nicholas M. Holden_2020.pdf", "file": "e_resources/Introduction_to_Biosystems_Engineering_Nicholas_M_hTyrF8E._Holden_2020.pdf", "is_active": true, "created_at": "2026-07-06T08:03:38.311Z"}}, {"model": "Features.eresourcefile", "pk": 887, "fields": {"department": 185, "name": "Introduction to Food Process Engineering_Albert Ibarz_2014.pdf", "file": "e_resources/Introduction_to_Food_Process_Engineering_Albert_Ibarz_2014_kMJ4YcI.pdf", "is_active": true, "created_at": "2026-07-06T08:03:38.326Z"}}, {"model": "Features.eresourcefile", "pk": 888, "fields": {"department": 185, "name": "Introduction-to-Food-Engineering_Fourth-Edition_Paul Singh_2009.pdf", "file": "e_resources/Introduction-to-Food-Engineering_Fourth-Edition_Paul_Singh_2009_j9yFupO.pdf", "is_active": true, "created_at": "2026-07-06T08:03:38.364Z"}}, {"model": "Features.eresourcefile", "pk": 889, "fields": {"department": 185, "name": "ORGANIC AGRICULTURE PLANT LIVESTOCK PRODUCTION_Prof. Dr. Ahmet Gokkus_2021.pdf", "file": "e_resources/ORGANIC_AGRICULTURE_PLANT_LIVESTOCK_PRODUCTION_Prof_oXZyAnt._Dr._Ahmet_Gokkus_2021.pdf", "is_active": true, "created_at": "2026-07-06T08:03:38.390Z"}}, {"model": "Features.eresourcefile", "pk": 890, "fields": {"department": 185, "name": "Principles of Environmental Engineering and Science_Fourth Edition_Susan J. Masten_2020.pdf", "file": "e_resources/Principles_of_Environmental_Engineering_and_Science_Fourth_Edition_Susan_J_MxC4zUB._Masten_2020.pdf", "is_active": true, "created_at": "2026-07-06T08:03:38.466Z"}}, {"model": "Features.eresourcefile", "pk": 891, "fields": {"department": 185, "name": "SLP PROJECT ON TRANSREGIONAL ANALYSIS OF CROP LIVESTOCK SYSTEM_Baltenweck S. Staal_2023.pdf", "file": "e_resources/SLP_PROJECT_ON_TRANSREGIONAL_ANALYSIS_OF_CROP_LIVESTOCK_SYSTEM_Baltenweck_S_mmlx4b0._Staal_2023.pdf", "is_active": true, "created_at": "2026-07-06T08:03:38.481Z"}}, {"model": "Features.eresourcefile", "pk": 892, "fields": {"department": 185, "name": "Terrestrial Hydrometeorology_W. James ShuttleWorth_2012.pdf", "file": "e_resources/Terrestrial_Hydrometeorology_W_Kkc0plB._James_ShuttleWorth_2012.pdf", "is_active": true, "created_at": "2026-07-06T08:03:38.508Z"}}, {"model": "Features.eresourcefile", "pk": 893, "fields": {"department": 186, "name": "191BAEE-Professional-Ethics-in-Engineering.pdf", "file": "e_resources/191BAEE-Professional-Ethics-in-Engineering_Xpw6hMG.pdf", "is_active": true, "created_at": "2026-07-06T08:03:38.518Z"}}, {"model": "Features.eresourcefile", "pk": 894, "fields": {"department": 186, "name": "Agricultural and Biological Systems Engineering at Washington State University.pdf", "file": "e_resources/Agricultural_and_Biological_Systems_Engineering_at_Washington_State_University_gWPWdxx.pdf", "is_active": true, "created_at": "2026-07-06T08:03:38.590Z"}}, {"model": "Features.eresourcefile", "pk": 895, "fields": {"department": 186, "name": "CIVIL ENGINEERING LAW, CONTRACTS SPECIFICATION AND PROFESSIONAL ETHICS.pdf", "file": "e_resources/CIVIL_ENGINEERING_LAW_CONTRACTS_SPECIFICATION_AND_PROFESSIONAL_ETHICS_P6cseOu.pdf", "is_active": true, "created_at": "2026-07-06T08:03:38.600Z"}}, {"model": "Features.eresourcefile", "pk": 896, "fields": {"department": 186, "name": "CREATING AND SUSTAINING LEARNING COMMUNITY.pdf", "file": "e_resources/CREATING_AND_SUSTAINING_LEARNING_COMMUNITY_cigZY8D.pdf", "is_active": true, "created_at": "2026-07-06T08:03:38.625Z"}}, {"model": "Features.eresourcefile", "pk": 897, "fields": {"department": 186, "name": "EFFECTS OF FIELD-TRIP AND PROJECT METHODS ON MOTIVATION.pdf", "file": "e_resources/EFFECTS_OF_FIELD-TRIP_AND_PROJECT_METHODS_ON_MOTIVATION_M4j0kjG.pdf", "is_active": true, "created_at": "2026-07-06T08:03:38.630Z"}}, {"model": "Features.eresourcefile", "pk": 898, "fields": {"department": 186, "name": "Entrepreneurship Develoment-I.pdf", "file": "e_resources/Entrepreneurship_Develoment-I_VC54uz6.pdf", "is_active": true, "created_at": "2026-07-06T08:03:38.636Z"}}, {"model": "Features.eresourcefile", "pk": 899, "fields": {"department": 186, "name": "ESSENTIALS OF BUSINESS LAW 10th Ed..pdf", "file": "e_resources/ESSENTIALS_OF_BUSINESS_LAW_10th_Ed_je4rlAv..pdf", "is_active": true, "created_at": "2026-07-06T08:03:38.691Z"}}, {"model": "Features.eresourcefile", "pk": 900, "fields": {"department": 186, "name": "FIRST PERSON INTERACTION THE BENIFITS OF FIELD TRIP EXPEREIENCES TO SOCIAL STUDIES EDUCATION.pdf", "file": "e_resources/FIRST_PERSON_INTERACTION_THE_BENIFITS_OF_FIELD_TRIP_EXPEREIENCES_TO_SOCIAL_STUDIES_EDUCATION_jIR4fFY.pdf", "is_active": true, "created_at": "2026-07-06T08:03:38.696Z"}}, {"model": "Features.eresourcefile", "pk": 901, "fields": {"department": 186, "name": "Industry Immersion Guidebook (For Dual Education and Training).pdf", "file": "e_resources/Industry_Immersion_Guidebook_For_Dual_Education_and_Training_ToKU1l8.pdf", "is_active": true, "created_at": "2026-07-06T08:03:38.725Z"}}, {"model": "Features.eresourcefile", "pk": 902, "fields": {"department": 186, "name": "Introduction to Ethics.pdf", "file": "e_resources/Introduction_to_Ethics_ljtqFkx.pdf", "is_active": true, "created_at": "2026-07-06T08:03:38.735Z"}}, {"model": "Features.eresourcefile", "pk": 903, "fields": {"department": 186, "name": "MANUAL PROCEDURE UNDERGRADUATE THESIS.pdf", "file": "e_resources/MANUAL_PROCEDURE_UNDERGRADUATE_THESIS_CFWjHHY.pdf", "is_active": true, "created_at": "2026-07-06T08:03:38.741Z"}}, {"model": "Features.eresourcefile", "pk": 904, "fields": {"department": 186, "name": "PROFESSIONAL ETHICS AND CIVIC MORALS.pdf", "file": "e_resources/PROFESSIONAL_ETHICS_AND_CIVIC_MORALS_VVXlkJm.pdf", "is_active": true, "created_at": "2026-07-06T08:03:38.789Z"}}, {"model": "Features.eresourcefile", "pk": 905, "fields": {"department": 186, "name": "PROFESSIONAL ETHICS Introduction.pdf", "file": "e_resources/PROFESSIONAL_ETHICS_Introduction_U8IYVho.pdf", "is_active": true, "created_at": "2026-07-06T08:03:38.796Z"}}, {"model": "Features.eresourcefile", "pk": 906, "fields": {"department": 186, "name": "PROFESSIONAL PRACTICE, LAW & ETHICS.pdf", "file": "e_resources/PROFESSIONAL_PRACTICE_LAW__ETHICS_QAaSXt8.pdf", "is_active": true, "created_at": "2026-07-06T08:03:38.804Z"}}, {"model": "Features.eresourcefile", "pk": 907, "fields": {"department": 186, "name": "Technology-Based Entrepreneurship.pdf", "file": "e_resources/Technology-Based_Entrepreneurship_uEnkeid.pdf", "is_active": true, "created_at": "2026-07-06T08:03:38.814Z"}}, {"model": "Features.eresourcefile", "pk": 908, "fields": {"department": 186, "name": "TRAINING FOR SUCCESS (Inspiring Technical vocational education and training TVET stories from the ASEAN Three Countries).pdf", "file": "e_resources/TRAINING_FOR_SUCCESS_Inspiring_Technical_vocational_education_and_training_TVET_stories_from_the_ASEAN_Three_Countries_9gn5VJj.pdf", "is_active": true, "created_at": "2026-07-06T08:03:38.831Z"}}, {"model": "Features.eresourcefile", "pk": 909, "fields": {"department": 189, "name": "Advances in Computer Science, Engineering and Applications Proceedings of the Second International Conference on Computer Science, Engineering and Applications (ICCSEA 2012).pdf", "file": "e_resources/Advances_in_Computer_Science_Engineering_and_Applications_Proceedings_of_the_Second_International_Conference_on_Computer_Science_Engineering_and_Applications_ICCSEA_2012_vELAWYE.pdf", "is_active": true, "created_at": "2026-07-06T08:03:39.270Z"}}, {"model": "Features.eresourcefile", "pk": 910, "fields": {"department": 189, "name": "Beginning Android Web Apps Development- Develop for Android using HTML5, CSS3, and JavaScript.pdf", "file": "e_resources/Beginning_Android_Web_Apps_Development-_Develop_for_Android_using_HTML5_CSS3_and_JavaScript_ASbzlm0.pdf", "is_active": true, "created_at": "2026-07-06T08:03:39.448Z"}}, {"model": "Features.eresourcefile", "pk": 911, "fields": {"department": 189, "name": "Combinatorial Optimization- Algorithms and Complexity.pdf", "file": "e_resources/Combinatorial_Optimization-_Algorithms_and_Complexity_lM1CkWU.pdf", "is_active": true, "created_at": "2026-07-06T08:03:39.543Z"}}, {"model": "Features.eresourcefile", "pk": 912, "fields": {"department": 189, "name": "Computer Communication, Networking and Internet Security.pdf", "file": "e_resources/Computer_Communication_Networking_and_Internet_Security_xGyePjs.pdf", "is_active": true, "created_at": "2026-07-06T08:03:39.616Z"}}, {"model": "Features.eresourcefile", "pk": 913, "fields": {"department": 189, "name": "Computer Networks.pdf", "file": "e_resources/Computer_Networks_3vs7JlS.pdf", "is_active": true, "created_at": "2026-07-06T08:03:39.638Z"}}, {"model": "Features.eresourcefile", "pk": 914, "fields": {"department": 189, "name": "Dark Web- Exploring and Data Mining the Dark Side of the Web.pdf", "file": "e_resources/Dark_Web-_Exploring_and_Data_Mining_the_Dark_Side_of_the_Web_TGHkGvB.pdf", "is_active": true, "created_at": "2026-07-06T08:03:39.672Z"}}, {"model": "Features.eresourcefile", "pk": 915, "fields": {"department": 189, "name": "Data Communication Computer Network Tutorial.pdf", "file": "e_resources/Data_Communication_Computer_Network_Tutorial_ArXoR38.pdf", "is_active": true, "created_at": "2026-07-06T08:03:39.681Z"}}, {"model": "Features.eresourcefile", "pk": 916, "fields": {"department": 189, "name": "Data Science for Business- What you need to know about data mining and data-analytic thinking.pdf", "file": "e_resources/Data_Science_for_Business-_What_you_need_to_know_about_data_mining_and_data-analytic_thinking_3iKOPgA.pdf", "is_active": true, "created_at": "2026-07-06T08:03:39.744Z"}}, {"model": "Features.eresourcefile", "pk": 917, "fields": {"department": 189, "name": "Data Science Starter Program Introduction to Data Science.pdf", "file": "e_resources/Data_Science_Starter_Program_Introduction_to_Data_Science_UW5JJ72.pdf", "is_active": true, "created_at": "2026-07-06T08:03:39.850Z"}}, {"model": "Features.eresourcefile", "pk": 918, "fields": {"department": 189, "name": "Deep Learning for Natural Language Processing.pdf", "file": "e_resources/Deep_Learning_for_Natural_Language_Processing_76TSMZy.pdf", "is_active": true, "created_at": "2026-07-06T08:03:39.876Z"}}, {"model": "Features.eresourcefile", "pk": 919, "fields": {"department": 189, "name": "Deep learning- adaptive computation and machine learning.pdf", "file": "e_resources/Deep_learning-_adaptive_computation_and_machine_learning_EpTqxQE.pdf", "is_active": true, "created_at": "2026-07-06T08:03:39.928Z"}}, {"model": "Features.eresourcefile", "pk": 920, "fields": {"department": 189, "name": "Digital Image Processing.pdf", "file": "e_resources/Digital_Image_Processing_CnlhhrU.pdf", "is_active": true, "created_at": "2026-07-06T08:03:39.978Z"}}, {"model": "Features.eresourcefile", "pk": 921, "fields": {"department": 189, "name": "Human-computer interaction.pdf", "file": "e_resources/Human-computer_interaction_e7LpFhP.pdf", "is_active": true, "created_at": "2026-07-06T08:03:40.015Z"}}, {"model": "Features.eresourcefile", "pk": 922, "fields": {"department": 189, "name": "Information Assurance- Managing Organizational IT Security Risks.pdf", "file": "e_resources/Information_Assurance-_Managing_Organizational_IT_Security_Risks_XSK50Fp.pdf", "is_active": true, "created_at": "2026-07-06T08:03:40.024Z"}}, {"model": "Features.eresourcefile", "pk": 923, "fields": {"department": 189, "name": "Introduction to Artificial Intelligence.pdf", "file": "e_resources/Introduction_to_Artificial_Intelligence_BY4LyyH.pdf", "is_active": true, "created_at": "2026-07-06T08:03:40.048Z"}}, {"model": "Features.eresourcefile", "pk": 924, "fields": {"department": 189, "name": "Introduction to Computer Science.pdf", "file": "e_resources/Introduction_to_Computer_Science_ePYPDUG.pdf", "is_active": true, "created_at": "2026-07-06T08:03:40.062Z"}}, {"model": "Features.eresourcefile", "pk": 925, "fields": {"department": 189, "name": "Introduction to Visual Computing - Core Concepts in Computer Vision, Graphics, and Image Processing.pdf", "file": "e_resources/Introduction_to_Visual_Computing_-_Core_Concepts_in_Computer_Vision_Graphics_and_Image_Processing_dFQxy2I.pdf", "is_active": true, "created_at": "2026-07-06T08:03:40.410Z"}}, {"model": "Features.eresourcefile", "pk": 926, "fields": {"department": 189, "name": "Operating System Concepts and Basic Linux Commands.pdf", "file": "e_resources/Operating_System_Concepts_and_Basic_Linux_Commands_kyzdUEw.pdf", "is_active": true, "created_at": "2026-07-06T08:03:40.432Z"}}, {"model": "Features.eresourcefile", "pk": 927, "fields": {"department": 189, "name": "PCs All-in-One For Dummies.pdf", "file": "e_resources/PCs_All-in-One_For_Dummies_vVvAGtu.pdf", "is_active": true, "created_at": "2026-07-06T08:03:40.670Z"}}, {"model": "Features.eresourcefile", "pk": 928, "fields": {"department": 189, "name": "Principles of Web Design- The Web Technologies Series.pdf", "file": "e_resources/Principles_of_Web_Design-_The_Web_Technologies_Series_pd8ycYc.pdf", "is_active": true, "created_at": "2026-07-06T08:03:40.817Z"}}, {"model": "Features.eresourcefile", "pk": 929, "fields": {"department": 189, "name": "Probability and Statistics for Computer Scientists.pdf", "file": "e_resources/Probability_and_Statistics_for_Computer_Scientists_n0aXYAK.pdf", "is_active": true, "created_at": "2026-07-06T08:03:40.861Z"}}, {"model": "Features.eresourcefile", "pk": 930, "fields": {"department": 189, "name": "Software Engineering- Architecture-driven Software Development.pdf", "file": "e_resources/Software_Engineering-_Architecture-driven_Software_Development_U0rBoMq.pdf", "is_active": true, "created_at": "2026-07-06T08:03:40.890Z"}}, {"model": "Features.eresourcefile", "pk": 931, "fields": {"department": 189, "name": "Theory of Automata, Formal Languages and Computation.pdf", "file": "e_resources/Theory_of_Automata_Formal_Languages_and_Computation_JmoG5IG.pdf", "is_active": true, "created_at": "2026-07-06T08:03:40.901Z"}}, {"model": "Features.eresourcefile", "pk": 932, "fields": {"department": 191, "name": "Combinatorial Optimization- Algorithms and Complexity.pdf", "file": "e_resources/Combinatorial_Optimization-_Algorithms_and_Complexity_rWMEMeK.pdf", "is_active": true, "created_at": "2026-07-06T08:03:41.011Z"}}, {"model": "Features.eresourcefile", "pk": 933, "fields": {"department": 191, "name": "Data Science Starter Program Introduction to Data Science.pdf", "file": "e_resources/Data_Science_Starter_Program_Introduction_to_Data_Science_Af075zB.pdf", "is_active": true, "created_at": "2026-07-06T08:03:41.116Z"}}, {"model": "Features.eresourcefile", "pk": 934, "fields": {"department": 191, "name": "Data Structures and Algorithms for Big Databases.pdf", "file": "e_resources/Data_Structures_and_Algorithms_for_Big_Databases_6y92KtO.pdf", "is_active": true, "created_at": "2026-07-06T08:03:41.169Z"}}, {"model": "Features.eresourcefile", "pk": 935, "fields": {"department": 191, "name": "Data Structures and Algorithms in C++ 2e.pdf", "file": "e_resources/Data_Structures_and_Algorithms_in_C_2e_125eeF8.pdf", "is_active": true, "created_at": "2026-07-06T08:03:41.224Z"}}, {"model": "Features.eresourcefile", "pk": 936, "fields": {"department": 191, "name": "Data Structures and Algorithms Made Easy Data Structures and Algorithmic Puzzles.pdf", "file": "e_resources/Data_Structures_and_Algorithms_Made_Easy_Data_Structures_and_Algorithmic_Puzzles_XMbpJZT.pdf", "is_active": true, "created_at": "2026-07-06T08:03:41.336Z"}}, {"model": "Features.eresourcefile", "pk": 937, "fields": {"department": 191, "name": "Teach Yourself Data Structures And Algorithms In 24 hours.pdf", "file": "e_resources/Teach_Yourself_Data_Structures_And_Algorithms_In_24_hours_96h7VeG.pdf", "is_active": true, "created_at": "2026-07-06T08:03:41.359Z"}}, {"model": "Features.eresourcefile", "pk": 938, "fields": {"department": 192, "name": "Discrete Mathematics for Computer Science.pdf", "file": "e_resources/Discrete_Mathematics_for_Computer_Science_e5Bovwf.pdf", "is_active": true, "created_at": "2026-07-06T08:03:41.394Z"}}, {"model": "Features.eresourcefile", "pk": 939, "fields": {"department": 192, "name": "Discrete Mathematics Mathematical Reasoning and Proof with Puzzles, Patterns, and Games.pdf", "file": "e_resources/Discrete_Mathematics_Mathematical_Reasoning_and_Proof_with_Puzzles_Patterns_and_Games_ei1uYN9.pdf", "is_active": true, "created_at": "2026-07-06T08:03:42.008Z"}}, {"model": "Features.eresourcefile", "pk": 940, "fields": {"department": 192, "name": "Logic and Discrete Mathematics A Concise Introduction.pdf", "file": "e_resources/Logic_and_Discrete_Mathematics_A_Concise_Introduction_Wax3DDR.pdf", "is_active": true, "created_at": "2026-07-06T08:03:42.098Z"}}, {"model": "Features.eresourcefile", "pk": 941, "fields": {"department": 192, "name": "Mathematical structures for computer science discrete mathematics and its applications.pdf", "file": "e_resources/Mathematical_structures_for_computer_science_discrete_mathematics_and_its_applications_WbMFVy7.pdf", "is_active": true, "created_at": "2026-07-06T08:03:42.150Z"}}, {"model": "Features.eresourcefile", "pk": 942, "fields": {"department": 192, "name": "Schaum_s Outline of Discrete Mathematics, 3rd ED.pdf", "file": "e_resources/Schaum_s_Outline_of_Discrete_Mathematics_3rd_ED_KZg3kVv.pdf", "is_active": true, "created_at": "2026-07-06T08:03:42.167Z"}}, {"model": "Features.eresourcefile", "pk": 943, "fields": {"department": 193, "name": "Building an Enterprise Architecture Practice Tools, Tips, Best Practices, Ready-to-Use Insights (The Enterprise Series).pdf", "file": "e_resources/Building_an_Enterprise_Architecture_Practice_Tools_Tips_Best_Practices_Ready-to-Use_Insights_The_Enterprise_Series_RAsMSDb.pdf", "is_active": true, "created_at": "2026-07-06T08:03:42.191Z"}}, {"model": "Features.eresourcefile", "pk": 944, "fields": {"department": 193, "name": "Enterprise Architecture As Strategy Creating a Foundation for Business Execution.pdf", "file": "e_resources/Enterprise_Architecture_As_Strategy_Creating_a_Foundation_for_Business_Execution_elOe5mO.pdf", "is_active": true, "created_at": "2026-07-06T08:03:42.277Z"}}, {"model": "Features.eresourcefile", "pk": 945, "fields": {"department": 193, "name": "Enterprise Architecture Best Practice Handbook Building, Running and Managing Effective Enterprise Architecture Programs.pdf", "file": "e_resources/Enterprise_Architecture_Best_Practice_Handbook_Building_Running_and_Managing_Effective_Enterprise_Architecture_Programs_JLDFEMF.pdf", "is_active": true, "created_at": "2026-07-06T08:03:42.289Z"}}, {"model": "Features.eresourcefile", "pk": 946, "fields": {"department": 193, "name": "Enterprise Architecture for Global Companies in a Digital IT Era Adaptive Integrated Digital Architecture Framework.pdf", "file": "e_resources/Enterprise_Architecture_for_Global_Companies_in_a_Digital_IT_Era_Adaptive_Integrated_Digital_Architecture_Framework_hncGpeZ.pdf", "is_active": true, "created_at": "2026-07-06T08:03:42.309Z"}}, {"model": "Features.eresourcefile", "pk": 947, "fields": {"department": 193, "name": "Enterprise Architecture Patterns Practical Solutions for Recurring IT-Architecture Problems.pdf", "file": "e_resources/Enterprise_Architecture_Patterns_Practical_Solutions_for_Recurring_IT-Architecture_Problems_PPBLcyp.pdf", "is_active": true, "created_at": "2026-07-06T08:03:42.341Z"}}, {"model": "Features.eresourcefile", "pk": 948, "fields": {"department": 194, "name": "Balanced Scorecard Approach to Evaluate Business Performance Measurement Using Web Tools.pdf", "file": "e_resources/Balanced_Scorecard_Approach_to_Evaluate_Business_Performance_Measurement_Using_Web_Tools_ZWImmgc.pdf", "is_active": true, "created_at": "2026-07-06T08:03:42.354Z"}}, {"model": "Features.eresourcefile", "pk": 949, "fields": {"department": 195, "name": "Annual Report 2012 - Part 3 - Financial Management and Financial Statements.pdf", "file": "e_resources/Annual_Report_2012_-_Part_3_-_Financial_Management_and_Financial_Statements_9GJUJTR.pdf", "is_active": true, "created_at": "2026-07-06T08:03:42.364Z"}}, {"model": "Features.eresourcefile", "pk": 950, "fields": {"department": 195, "name": "Financial Management for Decision Makers.pdf", "file": "e_resources/Financial_Management_for_Decision_Makers_mB80G0x.pdf", "is_active": true, "created_at": "2026-07-06T08:03:42.375Z"}}, {"model": "Features.eresourcefile", "pk": 951, "fields": {"department": 195, "name": "Financial Management Theory & Practice.pdf", "file": "e_resources/Financial_Management_Theory__Practice_GoIAsmU.pdf", "is_active": true, "created_at": "2026-07-06T08:03:42.435Z"}}, {"model": "Features.eresourcefile", "pk": 952, "fields": {"department": 195, "name": "Multinational Financial Management, 10th Edition.pdf", "file": "e_resources/Multinational_Financial_Management_10th_Edition_9pQ9hcL.pdf", "is_active": true, "created_at": "2026-07-06T08:03:42.454Z"}}, {"model": "Features.eresourcefile", "pk": 953, "fields": {"department": 196, "name": "Fundamentals of Information Systems , 6th ed.pdf", "file": "e_resources/Fundamentals_of_Information_Systems__6th_ed_XYT8lcM.pdf", "is_active": true, "created_at": "2026-07-06T08:03:42.511Z"}}, {"model": "Features.eresourcefile", "pk": 954, "fields": {"department": 196, "name": "Fundamentals of Information Systems 5th ED.pdf", "file": "e_resources/Fundamentals_of_Information_Systems_5th_ED_1SFZmeF.pdf", "is_active": true, "created_at": "2026-07-06T08:03:42.520Z"}}, {"model": "Features.eresourcefile", "pk": 955, "fields": {"department": 196, "name": "Fundamentals of Information Systems 8th ED.pdf", "file": "e_resources/Fundamentals_of_Information_Systems_8th_ED_5rvLpkJ.pdf", "is_active": true, "created_at": "2026-07-06T08:03:42.626Z"}}, {"model": "Features.eresourcefile", "pk": 956, "fields": {"department": 197, "name": "Computer Fundamentals and Programming in C.pdf", "file": "e_resources/Computer_Fundamentals_and_Programming_in_C_LUNjiSs.pdf", "is_active": true, "created_at": "2026-07-06T08:03:42.637Z"}}, {"model": "Features.eresourcefile", "pk": 957, "fields": {"department": 197, "name": "Digital Fundamentals with PLD Programming.pdf", "file": "e_resources/Digital_Fundamentals_with_PLD_Programming_t6CrpyG.pdf", "is_active": true, "created_at": "2026-07-06T08:03:42.901Z"}}, {"model": "Features.eresourcefile", "pk": 958, "fields": {"department": 197, "name": "Fundamentals of C++ Programming.pdf", "file": "e_resources/Fundamentals_of_C_Programming_JnMpG5g.pdf", "is_active": true, "created_at": "2026-07-06T08:03:42.973Z"}}, {"model": "Features.eresourcefile", "pk": 959, "fields": {"department": 197, "name": "Fundamentals of Computer Programming with CSharp.pdf", "file": "e_resources/Fundamentals_of_Computer_Programming_with_CSharp_C3iOfXn.pdf", "is_active": true, "created_at": "2026-07-06T08:03:43.021Z"}}, {"model": "Features.eresourcefile", "pk": 960, "fields": {"department": 197, "name": "MATLAB - Programming Fundamentals.pdf", "file": "e_resources/MATLAB_-_Programming_Fundamentals_4MmMYUV.pdf", "is_active": true, "created_at": "2026-07-06T08:03:43.104Z"}}, {"model": "Features.eresourcefile", "pk": 961, "fields": {"department": 197, "name": "Programming Fundamentals with Swift Swift, Xcode, and Cocoa Basics.pdf", "file": "e_resources/Programming_Fundamentals_with_Swift_Swift_Xcode_and_Cocoa_Basics_uiOZU5x.pdf", "is_active": true, "created_at": "2026-07-06T08:03:43.162Z"}}, {"model": "Features.eresourcefile", "pk": 962, "fields": {"department": 197, "name": "The R Software Fundamentals of Programming and Statistical Analysis.pdf", "file": "e_resources/The_R_Software_Fundamentals_of_Programming_and_Statistical_Analysis_DgqZp0S.pdf", "is_active": true, "created_at": "2026-07-06T08:03:43.197Z"}}, {"model": "Features.eresourcefile", "pk": 963, "fields": {"department": 198, "name": "Information Management Support Systems & Multimedia Technology Writing & Journalism.pdf", "file": "e_resources/Information_Management_Support_Systems__Multimedia_Technology_Writing__Journalism_tznYN6x.pdf", "is_active": true, "created_at": "2026-07-06T08:03:43.226Z"}}, {"model": "Features.eresourcefile", "pk": 964, "fields": {"department": 198, "name": "Information Storage and Management Storing, Managing, and Protecting Digital Information.pdf", "file": "e_resources/Information_Storage_and_Management_Storing_Managing_and_Protecting_Digital_Information_aepiFDD.pdf", "is_active": true, "created_at": "2026-07-06T08:03:43.273Z"}}, {"model": "Features.eresourcefile", "pk": 965, "fields": {"department": 198, "name": "IT0322 ûWeb Systems and Technology LAB.pdf", "file": "e_resources/IT0322_Web_Systems_and_Technology_LAB_V9bfAGv.pdf", "is_active": true, "created_at": "2026-07-06T08:03:43.297Z"}}, {"model": "Features.eresourcefile", "pk": 966, "fields": {"department": 198, "name": "Management Information System 6th Ed.pdf", "file": "e_resources/Management_Information_System_6th_Ed_RkoolIP.pdf", "is_active": true, "created_at": "2026-07-06T08:03:43.349Z"}}, {"model": "Features.eresourcefile", "pk": 967, "fields": {"department": 198, "name": "Management Information Systems Managing the Digital Firm.pdf", "file": "e_resources/Management_Information_Systems_Managing_the_Digital_Firm_dabm3sQ.pdf", "is_active": true, "created_at": "2026-07-06T08:03:43.417Z"}}, {"model": "Features.eresourcefile", "pk": 968, "fields": {"department": 199, "name": "COMP212 - Intermediate Programming - Lecture18 - Java Generics.pdf", "file": "e_resources/COMP212_-_Intermediate_Programming_-_Lecture18_-_Java_Generics_3FXttgI.pdf", "is_active": true, "created_at": "2026-07-06T08:03:43.437Z"}}, {"model": "Features.eresourcefile", "pk": 969, "fields": {"department": 199, "name": "CPP Common Knowledge Essential Intermediate Programming.pdf", "file": "e_resources/CPP_Common_Knowledge_Essential_Intermediate_Programming_zD6Wxwd.pdf", "is_active": true, "created_at": "2026-07-06T08:03:43.447Z"}}, {"model": "Features.eresourcefile", "pk": 970, "fields": {"department": 199, "name": "Intermediate iOS Programming with Swift iOS 10 and Swift 3.pdf", "file": "e_resources/Intermediate_iOS_Programming_with_Swift_iOS_10_and_Swift_3_iNkK43g.pdf", "is_active": true, "created_at": "2026-07-06T08:03:43.654Z"}}, {"model": "Features.eresourcefile", "pk": 971, "fields": {"department": 199, "name": "Intermediate Python.pdf", "file": "e_resources/Intermediate_Python_2g1RB8J.pdf", "is_active": true, "created_at": "2026-07-06T08:03:43.662Z"}}, {"model": "Features.eresourcefile", "pk": 972, "fields": {"department": 199, "name": "SQL Practice Problems - 57 Beginning, Intermediate, and Advanced Challenges.pdf", "file": "e_resources/SQL_Practice_Problems_-_57_Beginning_Intermediate_and_Advanced_Challenges_FRzIE53.pdf", "is_active": true, "created_at": "2026-07-06T08:03:43.671Z"}}, {"model": "Features.eresourcefile", "pk": 973, "fields": {"department": 200, "name": "Animating 2D Characters for Games in Blender.pdf", "file": "e_resources/Animating_2D_Characters_for_Games_in_Blender_ufpMF3P.pdf", "is_active": true, "created_at": "2026-07-06T08:03:43.699Z"}}, {"model": "Features.eresourcefile", "pk": 974, "fields": {"department": 200, "name": "Developing 2D Games with Unity Independent Game Programming with C#.pdf", "file": "e_resources/Developing_2D_Games_with_Unity_Independent_Game_Programming_with_C_upW41mX.pdf", "is_active": true, "created_at": "2026-07-06T08:03:43.757Z"}}, {"model": "Features.eresourcefile", "pk": 975, "fields": {"department": 200, "name": "Intro to 2D Animation, Part I.pdf", "file": "e_resources/Intro_to_2D_Animation_Part_I_zotrBNw.pdf", "is_active": true, "created_at": "2026-07-06T08:03:43.765Z"}}, {"model": "Features.eresourcefile", "pk": 976, "fields": {"department": 200, "name": "Introduction to 2D Animation RTF 351C.pdf", "file": "e_resources/Introduction_to_2D_Animation_RTF_351C_P4uff0T.pdf", "is_active": true, "created_at": "2026-07-06T08:03:43.773Z"}}, {"model": "Features.eresourcefile", "pk": 977, "fields": {"department": 200, "name": "The Creation Process Of 2d Animated Movies By Laura Moreno.pdf", "file": "e_resources/The_Creation_Process_Of_2d_Animated_Movies_By_Laura_Moreno_6T2Hllc.pdf", "is_active": true, "created_at": "2026-07-06T08:03:43.792Z"}}, {"model": "Features.eresourcefile", "pk": 978, "fields": {"department": 201, "name": "Introduction to Computer Science.pdf", "file": "e_resources/Introduction_to_Computer_Science_x4PC3Am.pdf", "is_active": true, "created_at": "2026-07-06T08:03:43.829Z"}}, {"model": "Features.eresourcefile", "pk": 979, "fields": {"department": 201, "name": "Introduction to Computing - Language, Logic, and Machines.pdf", "file": "e_resources/Introduction_to_Computing_-_Language_Logic_and_Machines_dWcQRRU.pdf", "is_active": true, "created_at": "2026-07-06T08:03:43.840Z"}}, {"model": "Features.eresourcefile", "pk": 980, "fields": {"department": 201, "name": "Introduction to Computing Systems.pdf", "file": "e_resources/Introduction_to_Computing_Systems_iClaty4.pdf", "is_active": true, "created_at": "2026-07-06T08:03:43.904Z"}}, {"model": "Features.eresourcefile", "pk": 981, "fields": {"department": 201, "name": "Introduction to Computing.pdf", "file": "e_resources/Introduction_to_Computing_FPNP6JN.pdf", "is_active": true, "created_at": "2026-07-06T08:03:43.931Z"}}, {"model": "Features.eresourcefile", "pk": 982, "fields": {"department": 202, "name": "Infrastructure as Code Managing Servers in the Cloud.pdf", "file": "e_resources/Infrastructure_as_Code_Managing_Servers_in_the_Cloud_DOrEXTC.pdf", "is_active": true, "created_at": "2026-07-06T08:03:43.970Z"}}, {"model": "Features.eresourcefile", "pk": 983, "fields": {"department": 202, "name": "Internet Infrastructure Networking, Web Services, and Cloud Computing.pdf", "file": "e_resources/Internet_Infrastructure_Networking_Web_Services_and_Cloud_Computing_Jus755E.pdf", "is_active": true, "created_at": "2026-07-06T08:03:44.065Z"}}, {"model": "Features.eresourcefile", "pk": 984, "fields": {"department": 202, "name": "It Infrastructure Architecture Infrastructure Building Blocks And Concepts.pdf", "file": "e_resources/It_Infrastructure_Architecture_Infrastructure_Building_Blocks_And_Concepts_3KQY8Qs.pdf", "is_active": true, "created_at": "2026-07-06T08:03:44.105Z"}}, {"model": "Features.eresourcefile", "pk": 985, "fields": {"department": 202, "name": "LC21 A Digital Strategy for the Library of Congress (2000).pdf", "file": "e_resources/LC21_A_Digital_Strategy_for_the_Library_of_Congress_2000_BNjkfDg.pdf", "is_active": true, "created_at": "2026-07-06T08:03:44.135Z"}}, {"model": "Features.eresourcefile", "pk": 986, "fields": {"department": 202, "name": "Trends in Information Technology Infrastructure in the Ocean Sciences.pdf", "file": "e_resources/Trends_in_Information_Technology_Infrastructure_in_the_Ocean_Sciences_EQT5dBp.pdf", "is_active": true, "created_at": "2026-07-06T08:03:44.147Z"}}, {"model": "Features.eresourcefile", "pk": 987, "fields": {"department": 203, "name": "mat107 - Mathematics and the Modern World.pdf", "file": "e_resources/mat107_-_Mathematics_and_the_Modern_World_JeIdtFU.pdf", "is_active": true, "created_at": "2026-07-06T08:03:44.155Z"}}, {"model": "Features.eresourcefile", "pk": 988, "fields": {"department": 203, "name": "Mathematics in the Modern World - Mathematics 101.pdf", "file": "e_resources/Mathematics_in_the_Modern_World_-_Mathematics_101_ee7Joca.pdf", "is_active": true, "created_at": "2026-07-06T08:03:44.159Z"}}, {"model": "Features.eresourcefile", "pk": 989, "fields": {"department": 203, "name": "Mathematics in the Modern World Fall 2015.pdf", "file": "e_resources/Mathematics_in_the_Modern_World_Fall_2015_wPEfOHD.pdf", "is_active": true, "created_at": "2026-07-06T08:03:44.165Z"}}, {"model": "Features.eresourcefile", "pk": 990, "fields": {"department": 203, "name": "Mathematics in the Modern World.pdf", "file": "e_resources/Mathematics_in_the_Modern_World_bDOSsdG.pdf", "is_active": true, "created_at": "2026-07-06T08:03:44.170Z"}}, {"model": "Features.eresourcefile", "pk": 991, "fields": {"department": 204, "name": "DCAP303 MULTIMEDIA SYSTEMS.pdf", "file": "e_resources/DCAP303_MULTIMEDIA_SYSTEMS_Z9PPpWL.pdf", "is_active": true, "created_at": "2026-07-06T08:03:44.196Z"}}, {"model": "Features.eresourcefile", "pk": 992, "fields": {"department": 204, "name": "Introduction to Multimedia Systems.pdf", "file": "e_resources/Introduction_to_Multimedia_Systems_fbNEIDu.pdf", "is_active": true, "created_at": "2026-07-06T08:03:44.219Z"}}, {"model": "Features.eresourcefile", "pk": 993, "fields": {"department": 204, "name": "Multimedia Systems.pdf", "file": "e_resources/Multimedia_Systems_aCaTgiB.pdf", "is_active": true, "created_at": "2026-07-06T08:03:44.252Z"}}, {"model": "Features.eresourcefile", "pk": 994, "fields": {"department": 205, "name": "Advanced Object-Oriented Programming in R Statistical Programming for Data Science, Analysis and Finance.pdf", "file": "e_resources/Advanced_Object-Oriented_Programming_in_R_Statistical_Programming_for_Data_Science_Analysis_and_Finance_FXsfkpY.pdf", "is_active": true, "created_at": "2026-07-06T08:03:44.269Z"}}, {"model": "Features.eresourcefile", "pk": 995, "fields": {"department": 205, "name": "Learn PHP 7 Object Oriented Modular Programming using HTML5, CSS3, JavaScript, XML, JSON, and MySQL.pdf", "file": "e_resources/Learn_PHP_7_Object_Oriented_Modular_Programming_using_HTML5_CSS3_JavaScript_XML_JSON_and_MySQL_vKFlZlr.pdf", "is_active": true, "created_at": "2026-07-06T08:03:44.289Z"}}, {"model": "Features.eresourcefile", "pk": 996, "fields": {"department": 205, "name": "MATLAB« Object-Oriented Programming.pdf", "file": "e_resources/MATLAB_Object-Oriented_Programming_qMiBahg.pdf", "is_active": true, "created_at": "2026-07-06T08:03:44.301Z"}}, {"model": "Features.eresourcefile", "pk": 997, "fields": {"department": 205, "name": "Object Oriented Programming using C#.pdf", "file": "e_resources/Object_Oriented_Programming_using_C_IQKZ1Mq.pdf", "is_active": true, "created_at": "2026-07-06T08:03:44.334Z"}}, {"model": "Features.eresourcefile", "pk": 998, "fields": {"department": 205, "name": "Object-Oriented Programming (OOP) with Java.pdf", "file": "e_resources/Object-Oriented_Programming_OOP_with_Java_obysJun.pdf", "is_active": true, "created_at": "2026-07-06T08:03:44.364Z"}}, {"model": "Features.eresourcefile", "pk": 999, "fields": {"department": 206, "name": "Installing, Troubleshooting, and Repairing Wireless Networks.pdf", "file": "e_resources/Installing_Troubleshooting_and_Repairing_Wireless_Networks_7Frkqcv.pdf", "is_active": true, "created_at": "2026-07-06T08:03:44.393Z"}}, {"model": "Features.eresourcefile", "pk": 1000, "fields": {"department": 206, "name": "Newnes PC Troubleshooting Pocket Book, 2nd Edition (Newnes PC Troubleshooting Pocket Book), 2nd Ed.pdf", "file": "e_resources/Newnes_PC_Troubleshooting_Pocket_Book_2nd_Edition_Newnes_PC_Troubleshooting_Pocket_Book_2nd_Ed_fzQ9nLy.pdf", "is_active": true, "created_at": "2026-07-06T08:03:44.404Z"}}, {"model": "Features.eresourcefile", "pk": 1001, "fields": {"department": 206, "name": "PC Hardware, Maintenance & Troubleshooting In-Depth.pdf", "file": "e_resources/PC_Hardware_Maintenance__Troubleshooting_In-Depth_urBnO0g.pdf", "is_active": true, "created_at": "2026-07-06T08:03:44.425Z"}}, {"model": "Features.eresourcefile", "pk": 1002, "fields": {"department": 206, "name": "PCs All-in-One For Dummies.pdf", "file": "e_resources/PCs_All-in-One_For_Dummies_vmsMlu7.pdf", "is_active": true, "created_at": "2026-07-06T08:03:44.834Z"}}, {"model": "Features.eresourcefile", "pk": 1003, "fields": {"department": 207, "name": "Management-Concepts-Practices.pdf", "file": "e_resources/Management-Concepts-Practices_cJRGZv1.pdf", "is_active": true, "created_at": "2026-07-06T08:03:44.849Z"}}, {"model": "Features.eresourcefile", "pk": 1004, "fields": {"department": 207, "name": "Quantitative Methods and Analysis.pdf", "file": "e_resources/Quantitative_Methods_and_Analysis_waFPES8.pdf", "is_active": true, "created_at": "2026-07-06T08:03:44.890Z"}}, {"model": "Features.eresourcefile", "pk": 1005, "fields": {"department": 207, "name": "Quantitative Methods in Derivatives Pricing. D. Tavella - Java Quant 1.pdf", "file": "e_resources/Quantitative_Methods_in_Derivatives_Pricing_3R6Dh0u._D._Tavella_-_Java_Quant_1.pdf", "is_active": true, "created_at": "2026-07-06T08:03:44.902Z"}}, {"model": "Features.eresourcefile", "pk": 1006, "fields": {"department": 207, "name": "Quantitative Methods in Derivatives Pricing. D. Tavella - Java Quant 2.pdf", "file": "e_resources/Quantitative_Methods_in_Derivatives_Pricing_XAFY8Wh._D._Tavella_-_Java_Quant_2.pdf", "is_active": true, "created_at": "2026-07-06T08:03:44.988Z"}}, {"model": "Features.eresourcefile", "pk": 1007, "fields": {"department": 207, "name": "Quantitative Methods Study Text.pdf", "file": "e_resources/Quantitative_Methods_Study_Text_Hr1QvBR.pdf", "is_active": true, "created_at": "2026-07-06T08:03:45.052Z"}}, {"model": "Features.eresourcefile", "pk": 1008, "fields": {"department": 207, "name": "Systemic Management for Intelligent Organizations Concepts, Models-Based Approaches and Applications.pdf", "file": "e_resources/Systemic_Management_for_Intelligent_Organizations_Concepts_Models-Based_Approaches_and_Applications_UErptYz.pdf", "is_active": true, "created_at": "2026-07-06T08:03:45.094Z"}}, {"model": "Features.eresourcefile", "pk": 1009, "fields": {"department": 207, "name": "The Oxford Handbook of Quantitative Methods II.pdf", "file": "e_resources/The_Oxford_Handbook_of_Quantitative_Methods_II_PnXEFuv.pdf", "is_active": true, "created_at": "2026-07-06T08:03:45.443Z"}}, {"model": "Features.eresourcefile", "pk": 1010, "fields": {"department": 208, "name": "Imagined Futures in Science, Technology and Society.pdf", "file": "e_resources/Imagined_Futures_in_Science_Technology_and_Society_09v0lCF.pdf", "is_active": true, "created_at": "2026-07-06T08:03:45.539Z"}}, {"model": "Features.eresourcefile", "pk": 1011, "fields": {"department": 208, "name": "Science, Technology, and Society A Sociological Approach.pdf", "file": "e_resources/Science_Technology_and_Society_A_Sociological_Approach_4aA5D33.pdf", "is_active": true, "created_at": "2026-07-06T08:03:45.628Z"}}, {"model": "Features.eresourcefile", "pk": 1012, "fields": {"department": 208, "name": "Science, Technology, and Society.pdf", "file": "e_resources/Science_Technology_and_Society_cPBqda7.pdf", "is_active": true, "created_at": "2026-07-06T08:03:45.655Z"}}, {"model": "Features.eresourcefile", "pk": 1013, "fields": {"department": 209, "name": "Principles of Web Design- The Web Technologies Series.pdf", "file": "e_resources/Principles_of_Web_Design-_The_Web_Technologies_Series_rXVv2az.pdf", "is_active": true, "created_at": "2026-07-06T08:03:45.879Z"}}, {"model": "Features.eresourcefile", "pk": 1014, "fields": {"department": 209, "name": "Web Information, System, and Technologies.pdf", "file": "e_resources/Web_Information_System_and_Technologies_XzaGt6D.pdf", "is_active": true, "created_at": "2026-07-06T08:03:45.934Z"}}, {"model": "Features.eresourcefile", "pk": 1015, "fields": {"department": 211, "name": "A Brief History of the English Language and Literature Vol.2.pdf", "file": "e_resources/A_Brief_History_of_the_English_Language_and_Literature_Vol_GUJOAfI.2.pdf", "is_active": true, "created_at": "2026-07-06T08:03:45.965Z"}}, {"model": "Features.eresourcefile", "pk": 1016, "fields": {"department": 211, "name": "ACSM_s Complete Guide to Fitness & Health 2e.pdf", "file": "e_resources/ACSM_s_Complete_Guide_to_Fitness__Health_2e_hNKp3pd.pdf", "is_active": true, "created_at": "2026-07-06T08:03:46.065Z"}}, {"model": "Features.eresourcefile", "pk": 1017, "fields": {"department": 211, "name": "Are Numbers Real - The Uncanny Relationships Between Maths and the Physical World.pdf", "file": "e_resources/Are_Numbers_Real_-_The_Uncanny_Relationships_Between_Maths_and_the_Physical_World_Ly6oCLV.pdf", "is_active": true, "created_at": "2026-07-06T08:03:46.093Z"}}, {"model": "Features.eresourcefile", "pk": 1018, "fields": {"department": 211, "name": "Assessing National Achievement Levels in Education.pdf", "file": "e_resources/Assessing_National_Achievement_Levels_in_Education_ethyjYB.pdf", "is_active": true, "created_at": "2026-07-06T08:03:46.104Z"}}, {"model": "Features.eresourcefile", "pk": 1019, "fields": {"department": 211, "name": "Assessment and Teaching of 21st Century Skills - Methods and Approach.pdf", "file": "e_resources/Assessment_and_Teaching_of_21st_Century_Skills_-_Methods_and_Approach_BANw0L2.pdf", "is_active": true, "created_at": "2026-07-06T08:03:46.135Z"}}, {"model": "Features.eresourcefile", "pk": 1020, "fields": {"department": 211, "name": "Assessment in Online and Blended Learning Environments.pdf", "file": "e_resources/Assessment_in_Online_and_Blended_Learning_Environments_kACntpW.pdf", "is_active": true, "created_at": "2026-07-06T08:03:46.157Z"}}, {"model": "Features.eresourcefile", "pk": 1021, "fields": {"department": 211, "name": "Basic Math and Pre-Algebra For Dummies.pdf", "file": "e_resources/Basic_Math_and_Pre-Algebra_For_Dummies_TOk3q2t.pdf", "is_active": true, "created_at": "2026-07-06T08:03:46.185Z"}}, {"model": "Features.eresourcefile", "pk": 1022, "fields": {"department": 211, "name": "Body Composition - Health and Performance in Exercise and Sport.pdf", "file": "e_resources/Body_Composition_-_Health_and_Performance_in_Exercise_and_Sport_xVuZcz0.pdf", "is_active": true, "created_at": "2026-07-06T08:03:46.214Z"}}, {"model": "Features.eresourcefile", "pk": 1023, "fields": {"department": 211, "name": "Chem E2b - Organic Chemistry II What is Organic Chemistry.pdf", "file": "e_resources/Chem_E2b_-_Organic_Chemistry_II_What_is_Organic_Chemistry_9hQKPkV.pdf", "is_active": true, "created_at": "2026-07-06T08:03:46.257Z"}}, {"model": "Features.eresourcefile", "pk": 1024, "fields": {"department": 211, "name": "Concepts of Modern Mathematics.pdf", "file": "e_resources/Concepts_of_Modern_Mathematics_N4BEkxP.pdf", "is_active": true, "created_at": "2026-07-06T08:03:46.391Z"}}, {"model": "Features.eresourcefile", "pk": 1025, "fields": {"department": 211, "name": "Constructing Methodology for Qualitative Research- Researching Education and Social Practices.pdf", "file": "e_resources/Constructing_Methodology_for_Qualitative_Research-_Researching_Education_and_Social_Practices_Wwn9p3g.pdf", "is_active": true, "created_at": "2026-07-06T08:03:46.434Z"}}, {"model": "Features.eresourcefile", "pk": 1026, "fields": {"department": 211, "name": "Curriculum Development.pdf", "file": "e_resources/Curriculum_Development_UjG7OCb.pdf", "is_active": true, "created_at": "2026-07-06T08:03:46.497Z"}}, {"model": "Features.eresourcefile", "pk": 1027, "fields": {"department": 211, "name": "Dietary Supplements and Health.pdf", "file": "e_resources/Dietary_Supplements_and_Health_ZsyRTFh.pdf", "is_active": true, "created_at": "2026-07-06T08:03:46.514Z"}}, {"model": "Features.eresourcefile", "pk": 1028, "fields": {"department": 211, "name": "Educational Technology for Teaching and Learning.pdf", "file": "e_resources/Educational_Technology_for_Teaching_and_Learning_NCV1hRt.pdf", "is_active": true, "created_at": "2026-07-06T08:03:46.573Z"}}, {"model": "Features.eresourcefile", "pk": 1029, "fields": {"department": 211, "name": "Effective, Interactive Strategies for Facilitating Learning.pdf", "file": "e_resources/Effective_Interactive_Strategies_for_Facilitating_Learning_7auVum4.pdf", "is_active": true, "created_at": "2026-07-06T08:03:46.588Z"}}, {"model": "Features.eresourcefile", "pk": 1030, "fields": {"department": 211, "name": "Encyclopedia of Human Nutrition, 3e.pdf", "file": "e_resources/Encyclopedia_of_Human_Nutrition_3e_pnIKNSg.pdf", "is_active": true, "created_at": "2026-07-06T08:03:46.781Z"}}, {"model": "Features.eresourcefile", "pk": 1031, "fields": {"department": 211, "name": "Essentials of Research Design and Methodology 2005.pdf", "file": "e_resources/Essentials_of_Research_Design_and_Methodology_2005_dsSy6Fa.pdf", "is_active": true, "created_at": "2026-07-06T08:03:46.797Z"}}, {"model": "Features.eresourcefile", "pk": 1032, "fields": {"department": 211, "name": "Exercise Prescription - Physiological Foundations.pdf", "file": "e_resources/Exercise_Prescription_-_Physiological_Foundations_3YAtXi1.pdf", "is_active": true, "created_at": "2026-07-06T08:03:46.818Z"}}, {"model": "Features.eresourcefile", "pk": 1033, "fields": {"department": 211, "name": "Food Forensics - The Hidden Toxins Lurking in Your Food and How You Can Avoid Them for Lifelong Health.pdf", "file": "e_resources/Food_Forensics_-_The_Hidden_Toxins_Lurking_in_Your_Food_and_How_You_Can_Avoid_Them_for_Lifelong_Health_EC13XqL.pdf", "is_active": true, "created_at": "2026-07-06T08:03:46.904Z"}}, {"model": "Features.eresourcefile", "pk": 1034, "fields": {"department": 211, "name": "Foundations of Special Education.pdf", "file": "e_resources/Foundations_of_Special_Education_xSZE684.pdf", "is_active": true, "created_at": "2026-07-06T08:03:46.913Z"}}, {"model": "Features.eresourcefile", "pk": 1035, "fields": {"department": 211, "name": "Foundations of Sports Coaching.pdf", "file": "e_resources/Foundations_of_Sports_Coaching_FCrMO5f.pdf", "is_active": true, "created_at": "2026-07-06T08:03:46.944Z"}}, {"model": "Features.eresourcefile", "pk": 1036, "fields": {"department": 211, "name": "Good Math- A Geek_s Guide to the Beauty of Numbers, Logic, and Computation.pdf", "file": "e_resources/Good_Math-_A_Geek_s_Guide_to_the_Beauty_of_Numbers_Logic_and_Computation_cuUNy4R.pdf", "is_active": true, "created_at": "2026-07-06T08:03:46.955Z"}}, {"model": "Features.eresourcefile", "pk": 1037, "fields": {"department": 211, "name": "Handbook of I Classroom Assessment Learning, Achievement, and Adjustment.pdf", "file": "e_resources/Handbook_of_I_Classroom_Assessment_Learning_Achievement_and_Adjustment_w0eVnZl.pdf", "is_active": true, "created_at": "2026-07-06T08:03:47.021Z"}}, {"model": "Features.eresourcefile", "pk": 1038, "fields": {"department": 211, "name": "Health and Physical Education.pdf", "file": "e_resources/Health_and_Physical_Education_LfDieMy.pdf", "is_active": true, "created_at": "2026-07-06T08:03:47.041Z"}}, {"model": "Features.eresourcefile", "pk": 1039, "fields": {"department": 211, "name": "History of English Language 5e.pdf", "file": "e_resources/History_of_English_Language_5e_dZsaI4q.pdf", "is_active": true, "created_at": "2026-07-06T08:03:47.057Z"}}, {"model": "Features.eresourcefile", "pk": 1040, "fields": {"department": 211, "name": "How English Became English.  A Short History of a Global Language.pdf", "file": "e_resources/How_English_Became_English_gVKWWGY.__A_Short_History_of_a_Global_Language.pdf", "is_active": true, "created_at": "2026-07-06T08:03:47.073Z"}}, {"model": "Features.eresourcefile", "pk": 1041, "fields": {"department": 211, "name": "Introduction to Health Promotion.pdf", "file": "e_resources/Introduction_to_Health_Promotion_m7bdp02.pdf", "is_active": true, "created_at": "2026-07-06T08:03:47.093Z"}}, {"model": "Features.eresourcefile", "pk": 1042, "fields": {"department": 211, "name": "Introduction to Research Methodology.pdf", "file": "e_resources/Introduction_to_Research_Methodology_T7auTXF.pdf", "is_active": true, "created_at": "2026-07-06T08:03:47.121Z"}}, {"model": "Features.eresourcefile", "pk": 1043, "fields": {"department": 211, "name": "Kettlebell Training for Athletes- Develop Explosive Power and Strength for Martial Arts, Football, Basketball, and Other Sports.pdf", "file": "e_resources/Kettlebell_Training_for_Athletes-_Develop_Explosive_Power_and_Strength_for_Martial_Arts_Football_Basketball_and_Other_Sports_seYGKSg.pdf", "is_active": true, "created_at": "2026-07-06T08:03:47.165Z"}}, {"model": "Features.eresourcefile", "pk": 1044, "fields": {"department": 211, "name": "Math Makes sense! - A Constructivist Approach to the Teaching and Learning of Mathematics.pdf", "file": "e_resources/Math_Makes_sense_-_A_Constructivist_Approach_to_the_Teaching_and_Learning_of_Mathematics_ItRTe2u.pdf", "is_active": true, "created_at": "2026-07-06T08:03:47.206Z"}}, {"model": "Features.eresourcefile", "pk": 1045, "fields": {"department": 211, "name": "Math Overboard!- (Basic Math for Adults) Part 1.pdf", "file": "e_resources/Math_Overboard-_Basic_Math_for_Adults_Part_1_qbnlXeF.pdf", "is_active": true, "created_at": "2026-07-06T08:03:47.254Z"}}, {"model": "Features.eresourcefile", "pk": 1046, "fields": {"department": 211, "name": "Mathematical Modelling for Next-Generation Cryptography.pdf", "file": "e_resources/Mathematical_Modelling_for_Next-Generation_Cryptography_3vW1DbP.pdf", "is_active": true, "created_at": "2026-07-06T08:03:47.283Z"}}, {"model": "Features.eresourcefile", "pk": 1047, "fields": {"department": 211, "name": "Methodology and Research Design- Methodology and Research Design.pdf", "file": "e_resources/Methodology_and_Research_Design-_Methodology_and_Research_Design_KYRBcRM.pdf", "is_active": true, "created_at": "2026-07-06T08:03:47.325Z"}}, {"model": "Features.eresourcefile", "pk": 1048, "fields": {"department": 211, "name": "Mudras for Modern Life- Boost Your Health, Re-energize Your Life, Enhance Your Yoga and Deepen Your Meditation.pdf", "file": "e_resources/Mudras_for_Modern_Life-_Boost_Your_Health_Re-energize_Your_Life_Enhance_Your_Yoga_and_Deepen_Your_Meditation_YAWblkb.pdf", "is_active": true, "created_at": "2026-07-06T08:03:47.350Z"}}, {"model": "Features.eresourcefile", "pk": 1049, "fields": {"department": 211, "name": "Outline of the History of the English Language and Literature.pdf", "file": "e_resources/Outline_of_the_History_of_the_English_Language_and_Literature_wN3UcuV.pdf", "is_active": true, "created_at": "2026-07-06T08:03:47.359Z"}}, {"model": "Features.eresourcefile", "pk": 1050, "fields": {"department": 211, "name": "Plyo-Flex- Plyometrics and Flexibility Training for Explosive Martial Arts Kicks and Performance Sports.pdf", "file": "e_resources/Plyo-Flex-_Plyometrics_and_Flexibility_Training_for_Explosive_Martial_Arts_Kicks_and_Performance_Sports_YoRZT7o.pdf", "is_active": true, "created_at": "2026-07-06T08:03:47.405Z"}}, {"model": "Features.eresourcefile", "pk": 1051, "fields": {"department": 211, "name": "Qualitative Research- An Introduction to Methods and Designs.pdf", "file": "e_resources/Qualitative_Research-_An_Introduction_to_Methods_and_Designs_On8xlVr.pdf", "is_active": true, "created_at": "2026-07-06T08:03:47.420Z"}}, {"model": "Features.eresourcefile", "pk": 1052, "fields": {"department": 211, "name": "Research Methodology - A Step by Step Guide for Beginners.pdf", "file": "e_resources/Research_Methodology_-_A_Step_by_Step_Guide_for_Beginners_9QlSK60.pdf", "is_active": true, "created_at": "2026-07-06T08:03:47.460Z"}}, {"model": "Features.eresourcefile", "pk": 1053, "fields": {"department": 211, "name": "Research Methodology Methods and Techniques.pdf", "file": "e_resources/Research_Methodology_Methods_and_Techniques_KmwKF8O.pdf", "is_active": true, "created_at": "2026-07-06T08:03:47.473Z"}}, {"model": "Features.eresourcefile", "pk": 1054, "fields": {"department": 211, "name": "Research Methodology- A Step-by-Step Guide for Beginners 2e.pdf", "file": "e_resources/Research_Methodology-_A_Step-by-Step_Guide_for_Beginners_2e_fCShqMX.pdf", "is_active": true, "created_at": "2026-07-06T08:03:47.589Z"}}, {"model": "Features.eresourcefile", "pk": 1055, "fields": {"department": 211, "name": "Research Methodology- From Philosophy of Science to Research Design.pdf", "file": "e_resources/Research_Methodology-_From_Philosophy_of_Science_to_Research_Design_KTEaw9t.pdf", "is_active": true, "created_at": "2026-07-06T08:03:47.603Z"}}, {"model": "Features.eresourcefile", "pk": 1056, "fields": {"department": 211, "name": "Research Methodology- The Aims, Practices and Ethics of Science.pdf", "file": "e_resources/Research_Methodology-_The_Aims_Practices_and_Ethics_of_Science_Hxhh9Q9.pdf", "is_active": true, "created_at": "2026-07-06T08:03:47.618Z"}}, {"model": "Features.eresourcefile", "pk": 1057, "fields": {"department": 211, "name": "Research Methodology.pdf", "file": "e_resources/Research_Methodology_yPn4MZO.pdf", "is_active": true, "created_at": "2026-07-06T08:03:47.656Z"}}, {"model": "Features.eresourcefile", "pk": 1058, "fields": {"department": 211, "name": "Research Methods in Education.pdf", "file": "e_resources/Research_Methods_in_Education_htpb4vi.pdf", "is_active": true, "created_at": "2026-07-06T08:03:47.765Z"}}, {"model": "Features.eresourcefile", "pk": 1059, "fields": {"department": 211, "name": "Second Language Research - Methodology and Design.pdf", "file": "e_resources/Second_Language_Research_-_Methodology_and_Design_ZbNTefq.pdf", "is_active": true, "created_at": "2026-07-06T08:03:47.928Z"}}, {"model": "Features.eresourcefile", "pk": 1060, "fields": {"department": 211, "name": "Sport, Recreation and Tourism Event Management- Theoretical and Practical Dimensions.pdf", "file": "e_resources/Sport_Recreation_and_Tourism_Event_Management-_Theoretical_and_Practical_Dimensions_DAVfWkG.pdf", "is_active": true, "created_at": "2026-07-06T08:03:47.945Z"}}, {"model": "Features.eresourcefile", "pk": 1061, "fields": {"department": 211, "name": "Sports & Exercise Massage - Comprehensive Care in Athletics, Fitness & Rehabilitation.pdf", "file": "e_resources/Sports__Exercise_Massage_-_Comprehensive_Care_in_Athletics_Fitness__Rehabilitation_XMhNq5R.pdf", "is_active": true, "created_at": "2026-07-06T08:03:48.701Z"}}, {"model": "Features.eresourcefile", "pk": 1062, "fields": {"department": 211, "name": "Teacher and the School Curriculum.pdf", "file": "e_resources/Teacher_and_the_School_Curriculum_2pFTAty.pdf", "is_active": true, "created_at": "2026-07-06T08:03:48.787Z"}}, {"model": "Features.eresourcefile", "pk": 1063, "fields": {"department": 211, "name": "The Acid-Alkaline Diet for Optimum Health. Restore Your Health by Creating pH Balance in Your Diet.pdf", "file": "e_resources/The_Acid-Alkaline_Diet_for_Optimum_Health_f7jui0D._Restore_Your_Health_by_Creating_pH_Balance_in_Your_Diet.pdf", "is_active": true, "created_at": "2026-07-06T08:03:48.811Z"}}, {"model": "Features.eresourcefile", "pk": 1064, "fields": {"department": 211, "name": "The Child and Adolescent Learners and Learning Principles.pdf", "file": "e_resources/The_Child_and_Adolescent_Learners_and_Learning_Principles_jUy5sJB.pdf", "is_active": true, "created_at": "2026-07-06T08:03:48.852Z"}}, {"model": "Features.eresourcefile", "pk": 1065, "fields": {"department": 211, "name": "The Discrete Math Workbook.pdf", "file": "e_resources/The_Discrete_Math_Workbook_ZmH4sJ0.pdf", "is_active": true, "created_at": "2026-07-06T08:03:48.875Z"}}, {"model": "Features.eresourcefile", "pk": 1066, "fields": {"department": 211, "name": "The End of Heart Disease - The Eat to Live Plan to Prevent and Reverse Heart Disease.pdf", "file": "e_resources/The_End_of_Heart_Disease_-_The_Eat_to_Live_Plan_to_Prevent_and_Reverse_Heart_Disease_Aljese1.pdf", "is_active": true, "created_at": "2026-07-06T08:03:48.911Z"}}, {"model": "Features.eresourcefile", "pk": 1067, "fields": {"department": 211, "name": "The English Language from Sound to Sense.pdf", "file": "e_resources/The_English_Language_from_Sound_to_Sense_RUujqZX.pdf", "is_active": true, "created_at": "2026-07-06T08:03:48.937Z"}}, {"model": "Features.eresourcefile", "pk": 1068, "fields": {"department": 211, "name": "The Handbook of Child and Adolescent Clinical Psychology - A Contextual Approach.pdf", "file": "e_resources/The_Handbook_of_Child_and_Adolescent_Clinical_Psychology_-_A_Contextual_Approach_Ycn76YG.pdf", "is_active": true, "created_at": "2026-07-06T08:03:49.042Z"}}, {"model": "Features.eresourcefile", "pk": 1069, "fields": {"department": 211, "name": "The Men_s Health Big Book of Exercises.pdf", "file": "e_resources/The_Men_s_Health_Big_Book_of_Exercises_5mabZWG.pdf", "is_active": true, "created_at": "2026-07-06T08:03:49.118Z"}}, {"model": "Features.eresourcefile", "pk": 1070, "fields": {"department": 211, "name": "The Oxford Handbook of Qualitative Research.pdf", "file": "e_resources/The_Oxford_Handbook_of_Qualitative_Research_k09IDxP.pdf", "is_active": true, "created_at": "2026-07-06T08:03:49.169Z"}}, {"model": "Features.eresourcefile", "pk": 1071, "fields": {"department": 211, "name": "The Teaching Profession.pdf", "file": "e_resources/The_Teaching_Profession_qDgGsAl.pdf", "is_active": true, "created_at": "2026-07-06T08:03:49.183Z"}}, {"model": "Features.eresourcefile", "pk": 1072, "fields": {"department": 211, "name": "Yoga Therapy Foundations, Methods, and Practices for Common Ailments.pdf", "file": "e_resources/Yoga_Therapy_Foundations_Methods_and_Practices_for_Common_Ailments_95NZrjh.pdf", "is_active": true, "created_at": "2026-07-06T08:03:49.322Z"}}, {"model": "Features.eresourcefile", "pk": 1073, "fields": {"department": 212, "name": "2013-2014 Pacific Swimming Swim Guide.pdf", "file": "e_resources/2013-2014_Pacific_Swimming_Swim_Guide_h8WA1wc.pdf", "is_active": true, "created_at": "2026-07-06T08:03:49.407Z"}}, {"model": "Features.eresourcefile", "pk": 1074, "fields": {"department": 212, "name": "Adaptation and Human Behavior An Anthropological Perspective.pdf", "file": "e_resources/Adaptation_and_Human_Behavior_An_Anthropological_Perspective_cksxaTS.pdf", "is_active": true, "created_at": "2026-07-06T08:03:49.641Z"}}, {"model": "Features.eresourcefile", "pk": 1075, "fields": {"department": 212, "name": "Best Practices for Technology-Enhanced Teaching and Learning.pdf", "file": "e_resources/Best_Practices_for_Technology-Enhanced_Teaching_and_Learning_Ox4ODch.pdf", "is_active": true, "created_at": "2026-07-06T08:03:49.653Z"}}, {"model": "Features.eresourcefile", "pk": 1076, "fields": {"department": 212, "name": "Best Practices in Leadership Development and Organization Change.pdf", "file": "e_resources/Best_Practices_in_Leadership_Development_and_Organization_Change_FOud2m8.pdf", "is_active": true, "created_at": "2026-07-06T08:03:49.701Z"}}, {"model": "Features.eresourcefile", "pk": 1077, "fields": {"department": 212, "name": "Biological Anthropology The Natural History of Humankind, 3rd Edition.pdf", "file": "e_resources/Biological_Anthropology_The_Natural_History_of_Humankind_3rd_Edition_izhCetl.pdf", "is_active": true, "created_at": "2026-07-06T08:03:49.965Z"}}, {"model": "Features.eresourcefile", "pk": 1078, "fields": {"department": 212, "name": "Educational Innovations and Contemporary Technologies.pdf", "file": "e_resources/Educational_Innovations_and_Contemporary_Technologies_pK46eH5.pdf", "is_active": true, "created_at": "2026-07-06T08:03:49.976Z"}}, {"model": "Features.eresourcefile", "pk": 1079, "fields": {"department": 212, "name": "Educational Technology for Teaching and Learning.pdf", "file": "e_resources/Educational_Technology_for_Teaching_and_Learning_1ypUR3M.pdf", "is_active": true, "created_at": "2026-07-06T08:03:50.027Z"}}, {"model": "Features.eresourcefile", "pk": 1080, "fields": {"department": 212, "name": "Effective, Interactive Strategies for Facilitating Learning.pdf", "file": "e_resources/Effective_Interactive_Strategies_for_Facilitating_Learning_zvzguOk.pdf", "is_active": true, "created_at": "2026-07-06T08:03:50.053Z"}}, {"model": "Features.eresourcefile", "pk": 1081, "fields": {"department": 212, "name": "Exercise Physiology Integrating Theory and Application.pdf", "file": "e_resources/Exercise_Physiology_Integrating_Theory_and_Application_9M6HtE9.pdf", "is_active": true, "created_at": "2026-07-06T08:03:50.192Z"}}, {"model": "Features.eresourcefile", "pk": 1082, "fields": {"department": 212, "name": "Exercise Physiology.pdf", "file": "e_resources/Exercise_Physiology_ZYyqa74.pdf", "is_active": true, "created_at": "2026-07-06T08:03:50.213Z"}}, {"model": "Features.eresourcefile", "pk": 1083, "fields": {"department": 212, "name": "Helping Students Learn in a Learner-Centered Environment A Guide to Facilitating Learning in Higher Education.pdf", "file": "e_resources/Helping_Students_Learn_in_a_Learner-Centered_Environment_A_Guide_to_Facilitating_Learning_in_Higher_Education_gf11JuR.pdf", "is_active": true, "created_at": "2026-07-06T08:03:50.223Z"}}, {"model": "Features.eresourcefile", "pk": 1084, "fields": {"department": 212, "name": "Leadership Communication.pdf", "file": "e_resources/Leadership_Communication_76H2h0w.pdf", "is_active": true, "created_at": "2026-07-06T08:03:50.236Z"}}, {"model": "Features.eresourcefile", "pk": 1085, "fields": {"department": 212, "name": "ORGANIZATIONAL CULTURE Organizational Culture and Leadership, 3rd Edition.pdf", "file": "e_resources/ORGANIZATIONAL_CULTURE_Organizational_Culture_and_Leadership_3rd_Edition_VksIudJ.pdf", "is_active": true, "created_at": "2026-07-06T08:03:50.246Z"}}, {"model": "Features.eresourcefile", "pk": 1086, "fields": {"department": 212, "name": "Organizational Traps Leadership, Culture, Organizational Design.pdf", "file": "e_resources/Organizational_Traps_Leadership_Culture_Organizational_Design_noKRujP.pdf", "is_active": true, "created_at": "2026-07-06T08:03:50.257Z"}}, {"model": "Features.eresourcefile", "pk": 1087, "fields": {"department": 212, "name": "Philosophical and Sociological Foundations of Education.pdf", "file": "e_resources/Philosophical_and_Sociological_Foundations_of_Education_uOgHYcG.pdf", "is_active": true, "created_at": "2026-07-06T08:03:50.271Z"}}, {"model": "Features.eresourcefile", "pk": 1088, "fields": {"department": 212, "name": "Physical Activity, Exercise, Sedentary Behavior and Health.pdf", "file": "e_resources/Physical_Activity_Exercise_Sedentary_Behavior_and_Health_liUkNmS.pdf", "is_active": true, "created_at": "2026-07-06T08:03:50.296Z"}}, {"model": "Features.eresourcefile", "pk": 1089, "fields": {"department": 212, "name": "Physiology of Sport and Exercise.pdf", "file": "e_resources/Physiology_of_Sport_and_Exercise_k8rFaeJ.pdf", "is_active": true, "created_at": "2026-07-06T08:03:50.488Z"}}, {"model": "Features.eresourcefile", "pk": 1090, "fields": {"department": 212, "name": "Routledge Handbook of Motor Control and Motor Learning.pdf", "file": "e_resources/Routledge_Handbook_of_Motor_Control_and_Motor_Learning_O7o7oDq.pdf", "is_active": true, "created_at": "2026-07-06T08:03:50.515Z"}}, {"model": "Features.eresourcefile", "pk": 1091, "fields": {"department": 212, "name": "Swimming Pool Heaters - OP Aquatics.pdf", "file": "e_resources/Swimming_Pool_Heaters_-_OP_Aquatics_5ksUaWV.pdf", "is_active": true, "created_at": "2026-07-06T08:03:50.564Z"}}, {"model": "Features.eresourcefile", "pk": 1092, "fields": {"department": 212, "name": "Swimming Steps to Success.pdf", "file": "e_resources/Swimming_Steps_to_Success_cJUGnTo.pdf", "is_active": true, "created_at": "2026-07-06T08:03:50.648Z"}}, {"model": "Features.eresourcefile", "pk": 1093, "fields": {"department": 212, "name": "TeachersÆ and LearnersÆ Experiences of Technology-Based  Teaching and Learning in the Foundation Phase.pdf", "file": "e_resources/Teachers_and_Learners_Experiences_of_Technology-Based__Teaching_and_Learning_in_the_Foundation_Phase_HRYYuDF.pdf", "is_active": true, "created_at": "2026-07-06T08:03:50.675Z"}}, {"model": "Features.eresourcefile", "pk": 1094, "fields": {"department": 212, "name": "Teaching Movement Education Foundations for Active Lifestyles.pdf", "file": "e_resources/Teaching_Movement_Education_Foundations_for_Active_Lifestyles_2zTgn1f.pdf", "is_active": true, "created_at": "2026-07-06T08:03:50.778Z"}}, {"model": "Features.eresourcefile", "pk": 1095, "fields": {"department": 212, "name": "The Child and Adolescent Learners and Learning Principles.pdf", "file": "e_resources/The_Child_and_Adolescent_Learners_and_Learning_Principles_1lO0EiA.pdf", "is_active": true, "created_at": "2026-07-06T08:03:50.792Z"}}, {"model": "Features.eresourcefile", "pk": 1096, "fields": {"department": 212, "name": "The Impact of Digital Technologies on Teaching and Learning.pdf", "file": "e_resources/The_Impact_of_Digital_Technologies_on_Teaching_and_Learning_pa77t11.pdf", "is_active": true, "created_at": "2026-07-06T08:03:50.835Z"}}, {"model": "Features.eresourcefile", "pk": 1097, "fields": {"department": 212, "name": "The New Education - A Review of Progressive Educational Movements of the Day.pdf", "file": "e_resources/The_New_Education_-_A_Review_of_Progressive_Educational_Movements_of_the_Day_IOhQIkm.pdf", "is_active": true, "created_at": "2026-07-06T08:03:50.843Z"}}, {"model": "Features.eresourcefile", "pk": 1098, "fields": {"department": 212, "name": "Total Quality Management in Education (2).pdf", "file": "e_resources/Total_Quality_Management_in_Education_2_vPRwGLJ.pdf", "is_active": true, "created_at": "2026-07-06T08:03:50.855Z"}}, {"model": "Features.eresourcefile", "pk": 1099, "fields": {"department": 212, "name": "Water To The Extreme.pdf", "file": "e_resources/Water_To_The_Extreme_ArDVpRD.pdf", "is_active": true, "created_at": "2026-07-06T08:03:50.891Z"}}, {"model": "Features.eresourcefile", "pk": 1100, "fields": {"department": 213, "name": "Motor Learning and Control From Theory to Practice.pdf", "file": "e_resources/Motor_Learning_and_Control_From_Theory_to_Practice_vjSohvW.pdf", "is_active": true, "created_at": "2026-07-06T08:03:50.934Z"}}, {"model": "Features.eresourcefile", "pk": 1101, "fields": {"department": 213, "name": "Motor learning and performance 2nd Edition.pdf", "file": "e_resources/Motor_learning_and_performance_2nd_Edition_KarJxrJ.pdf", "is_active": true, "created_at": "2026-07-06T08:03:51.267Z"}}, {"model": "Features.eresourcefile", "pk": 1102, "fields": {"department": 213, "name": "Progress in Motor Control Skill Learning, Performance, Health, and Injury.pdf", "file": "e_resources/Progress_in_Motor_Control_Skill_Learning_Performance_Health_and_Injury_qiqW6Ek.pdf", "is_active": true, "created_at": "2026-07-06T08:03:51.307Z"}}, {"model": "Features.eresourcefile", "pk": 1103, "fields": {"department": 213, "name": "Routledge Handbook of Motor Control and Motor Learning.pdf", "file": "e_resources/Routledge_Handbook_of_Motor_Control_and_Motor_Learning_khMRp1I.pdf", "is_active": true, "created_at": "2026-07-06T08:03:51.353Z"}}, {"model": "Features.eresourcefile", "pk": 1104, "fields": {"department": 214, "name": "Assessing National Achievement Levels in Education.pdf", "file": "e_resources/Assessing_National_Achievement_Levels_in_Education_w7Pmlfz.pdf", "is_active": true, "created_at": "2026-07-06T08:03:51.368Z"}}, {"model": "Features.eresourcefile", "pk": 1105, "fields": {"department": 214, "name": "Assessment and Teaching of 21st Century Skills - Methods and Approach.pdf", "file": "e_resources/Assessment_and_Teaching_of_21st_Century_Skills_-_Methods_and_Approach_HhUXp4n.pdf", "is_active": true, "created_at": "2026-07-06T08:03:51.390Z"}}, {"model": "Features.eresourcefile", "pk": 1106, "fields": {"department": 214, "name": "HANDBOOK OF I Classroom Assessment Learning, Achievement, and Adjustment.pdf", "file": "e_resources/HANDBOOK_OF_I_Classroom_Assessment_Learning_Achievement_and_Adjustment_AY3LERP.pdf", "is_active": true, "created_at": "2026-07-06T08:03:51.444Z"}}, {"model": "Features.eresourcefile", "pk": 1107, "fields": {"department": 215, "name": "Assessment in Online and Blended Learning Environments.pdf", "file": "e_resources/Assessment_in_Online_and_Blended_Learning_Environments_TdLr4qd.pdf", "is_active": true, "created_at": "2026-07-06T08:03:51.466Z"}}, {"model": "Features.eresourcefile", "pk": 1108, "fields": {"department": 216, "name": "Critical Thinking Across the Curriculum.pdf", "file": "e_resources/Critical_Thinking_Across_the_Curriculum_kdMzSgk.pdf", "is_active": true, "created_at": "2026-07-06T08:03:51.513Z"}}, {"model": "Features.eresourcefile", "pk": 1109, "fields": {"department": 216, "name": "Early Childhood Curriculum.pdf", "file": "e_resources/Early_Childhood_Curriculum_aNUTaPM.pdf", "is_active": true, "created_at": "2026-07-06T08:03:51.527Z"}}, {"model": "Features.eresourcefile", "pk": 1110, "fields": {"department": 217, "name": "Coordinated School Health Program.pdf", "file": "e_resources/Coordinated_School_Health_Program_rstaol9.pdf", "is_active": true, "created_at": "2026-07-06T08:03:51.540Z"}}, {"model": "Features.eresourcefile", "pk": 1111, "fields": {"department": 217, "name": "Manual for School Health Programs.pdf", "file": "e_resources/Manual_for_School_Health_Programs_KIBCxyQ.pdf", "is_active": true, "created_at": "2026-07-06T08:03:51.557Z"}}, {"model": "Features.eresourcefile", "pk": 1112, "fields": {"department": 218, "name": "Health and Physical Education.pdf", "file": "e_resources/Health_and_Physical_Education_93oOv5Q.pdf", "is_active": true, "created_at": "2026-07-06T08:03:51.578Z"}}, {"model": "Features.eresourcefile", "pk": 1113, "fields": {"department": 218, "name": "Physical Examination and Health Assessment.pdf", "file": "e_resources/Physical_Examination_and_Health_Assessment_1V75uM6.pdf", "is_active": true, "created_at": "2026-07-06T08:03:52.971Z"}}, {"model": "Features.eresourcefile", "pk": 1114, "fields": {"department": 218, "name": "The Australian Curriculum - Health and Physical Education.pdf", "file": "e_resources/The_Australian_Curriculum_-_Health_and_Physical_Education_dkJIySM.pdf", "is_active": true, "created_at": "2026-07-06T08:03:52.979Z"}}, {"model": "Features.eresourcefile", "pk": 1115, "fields": {"department": 219, "name": "Modyul sa Dalumat Filipino - Diskurso sa Araling Filipinio.pdf", "file": "e_resources/Modyul_sa_Dalumat_Filipino_-_Diskurso_sa_Araling_Filipinio_nwaZerH.pdf", "is_active": true, "created_at": "2026-07-06T08:03:53.007Z"}}, {"model": "Features.eresourcefile", "pk": 1116, "fields": {"department": 220, "name": "Eat to Live Cookbook - 200 Delicious Nutrient-Rich Recipes.pdf", "file": "e_resources/Eat_to_Live_Cookbook_-_200_Delicious_Nutrient-Rich_Recipes_oHsPjfM.pdf", "is_active": true, "created_at": "2026-07-06T08:03:53.026Z"}}, {"model": "Features.eresourcefile", "pk": 1117, "fields": {"department": 220, "name": "Eat, Drink, and Be Healthy.pdf", "file": "e_resources/Eat_Drink_and_Be_Healthy_x8Q3kvO.pdf", "is_active": true, "created_at": "2026-07-06T08:03:53.042Z"}}, {"model": "Features.eresourcefile", "pk": 1118, "fields": {"department": 220, "name": "ENCYCLOPEDIA of FOODS - A Guide to Healthy Nutrition.pdf", "file": "e_resources/ENCYCLOPEDIA_of_FOODS_-_A_Guide_to_Healthy_Nutrition_WhZztZh.pdf", "is_active": true, "created_at": "2026-07-06T08:03:53.170Z"}}, {"model": "Features.eresourcefile", "pk": 1119, "fields": {"department": 221, "name": "Disaster Management and Human Health Risk III.pdf", "file": "e_resources/Disaster_Management_and_Human_Health_Risk_III_PoInAvA.pdf", "is_active": true, "created_at": "2026-07-06T08:03:53.245Z"}}, {"model": "Features.eresourcefile", "pk": 1120, "fields": {"department": 221, "name": "Emergency Preparedness in Integrated Management Systems Case Study of The Port Of Tallinn.pdf", "file": "e_resources/Emergency_Preparedness_in_Integrated_Management_Systems_Case_Study_of_The_Port_Of_Tallinn_yF2V3YI.pdf", "is_active": true, "created_at": "2026-07-06T08:03:53.252Z"}}, {"model": "Features.eresourcefile", "pk": 1121, "fields": {"department": 221, "name": "MANAGING EMERGENCY PREPAREDNESS - Academic Health Centers Organize and Innovate.pdf", "file": "e_resources/MANAGING_EMERGENCY_PREPAREDNESS_-_Academic_Health_Centers_Organize_and_Innovate_Cyd42o2.pdf", "is_active": true, "created_at": "2026-07-06T08:03:53.259Z"}}, {"model": "Features.eresourcefile", "pk": 1122, "fields": {"department": 222, "name": "Access to Academics for All Students.pdf", "file": "e_resources/Access_to_Academics_for_All_Students_4yKJxht.pdf", "is_active": true, "created_at": "2026-07-06T08:03:53.269Z"}}, {"model": "Features.eresourcefile", "pk": 1123, "fields": {"department": 222, "name": "Foundations of Special Education.pdf", "file": "e_resources/Foundations_of_Special_Education_RH2GZa2.pdf", "is_active": true, "created_at": "2026-07-06T08:03:53.275Z"}}, {"model": "Features.eresourcefile", "pk": 1124, "fields": {"department": 222, "name": "The Guide for Inclusive Education The Guide for Inclusive Education.pdf", "file": "e_resources/The_Guide_for_Inclusive_Education_The_Guide_for_Inclusive_Education_1vefLb8.pdf", "is_active": true, "created_at": "2026-07-06T08:03:53.287Z"}}, {"model": "Features.eresourcefile", "pk": 1125, "fields": {"department": 223, "name": "Individual and Dual Sports.pdf", "file": "e_resources/Individual_and_Dual_Sports_kCH9ezq.pdf", "is_active": true, "created_at": "2026-07-06T08:03:53.298Z"}}, {"model": "Features.eresourcefile", "pk": 1126, "fields": {"department": 223, "name": "Physical Education Teaching and Learning.pdf", "file": "e_resources/Physical_Education_Teaching_and_Learning_eDOyKhj.pdf", "is_active": true, "created_at": "2026-07-06T08:03:53.307Z"}}, {"model": "Features.eresourcefile", "pk": 1127, "fields": {"department": 223, "name": "Plyo-Flex Plyometrics and Flexibility Training.pdf", "file": "e_resources/Plyo-Flex_Plyometrics_and_Flexibility_Training_kxEbR0U.pdf", "is_active": true, "created_at": "2026-07-06T08:03:53.343Z"}}, {"model": "Features.eresourcefile", "pk": 1128, "fields": {"department": 224, "name": "Dancing Naturally Nature, Neo-Classicism and Modernity in Early Twentieth-Century Dance.pdf", "file": "e_resources/Dancing_Naturally_Nature_Neo-Classicism_and_Modernity_in_Early_Twentieth-Century_Dance_busKkXG.pdf", "is_active": true, "created_at": "2026-07-06T08:03:53.352Z"}}, {"model": "Features.eresourcefile", "pk": 1129, "fields": {"department": 224, "name": "Music and Revolution - Cultural Change in Socialist Cuba.pdf", "file": "e_resources/Music_and_Revolution_-_Cultural_Change_in_Socialist_Cuba_ax7EohP.pdf", "is_active": true, "created_at": "2026-07-06T08:03:53.374Z"}}, {"model": "Features.eresourcefile", "pk": 1130, "fields": {"department": 225, "name": "Communicating Risk in Environmental Health.pdf", "file": "e_resources/Communicating_Risk_in_Environmental_Health_8Wwh7yC.pdf", "is_active": true, "created_at": "2026-07-06T08:03:53.386Z"}}, {"model": "Features.eresourcefile", "pk": 1131, "fields": {"department": 225, "name": "Environmental Health for All Risk Assessment and Risk Communication for National Environmental Health Action Plans.pdf", "file": "e_resources/Environmental_Health_for_All_Risk_Assessment_and_Risk_Communication_for_National_Environmental_Health_Action_Plans_GQdlCtB.pdf", "is_active": true, "created_at": "2026-07-06T08:03:53.401Z"}}, {"model": "Features.eresourcefile", "pk": 1132, "fields": {"department": 225, "name": "Introduction to Philippine Folk Dance.pdf", "file": "e_resources/Introduction_to_Philippine_Folk_Dance_qAVVKub.pdf", "is_active": true, "created_at": "2026-07-06T08:03:53.409Z"}}, {"model": "Features.eresourcefile", "pk": 1133, "fields": {"department": 226, "name": "Disaster Management and Human Health Risk III.pdf", "file": "e_resources/Disaster_Management_and_Human_Health_Risk_III_swqCOON.pdf", "is_active": true, "created_at": "2026-07-06T08:03:53.467Z"}}, {"model": "Features.eresourcefile", "pk": 1134, "fields": {"department": 226, "name": "Emergency Preparedness in Integrated Management Systems Case Study of The Port Of Tallinn.pdf", "file": "e_resources/Emergency_Preparedness_in_Integrated_Management_Systems_Case_Study_of_The_Port_Of_Tallinn_OmdqtxW.pdf", "is_active": true, "created_at": "2026-07-06T08:03:53.476Z"}}, {"model": "Features.eresourcefile", "pk": 1135, "fields": {"department": 226, "name": "MANAGING EMERGENCY PREPAREDNESS - Academic Health Centers Organize and Innovate.pdf", "file": "e_resources/MANAGING_EMERGENCY_PREPAREDNESS_-_Academic_Health_Centers_Organize_and_Innovate_C0wLSoN.pdf", "is_active": true, "created_at": "2026-07-06T08:03:53.482Z"}}, {"model": "Features.eresourcefile", "pk": 1136, "fields": {"department": 227, "name": "Introduction to Philippine Folk Dance.pdf", "file": "e_resources/Introduction_to_Philippine_Folk_Dance_7YYqNJE.pdf", "is_active": true, "created_at": "2026-07-06T08:03:53.492Z"}}, {"model": "Features.eresourcefile", "pk": 1137, "fields": {"department": 227, "name": "Philippine Folk Dance History.pdf", "file": "e_resources/Philippine_Folk_Dance_History_rvk7eWJ.pdf", "is_active": true, "created_at": "2026-07-06T08:03:53.499Z"}}, {"model": "Features.eresourcefile", "pk": 1138, "fields": {"department": 228, "name": "Philippine Constitution.pdf", "file": "e_resources/Philippine_Constitution_gpL2Ah7.pdf", "is_active": true, "created_at": "2026-07-06T08:03:53.515Z"}}, {"model": "Features.eresourcefile", "pk": 1139, "fields": {"department": 228, "name": "Proposed Amendments to the 1987 Constitution of the Republic of the Philippines.pdf", "file": "e_resources/Proposed_Amendments_to_the_1987_Constitution_of_the_Republic_of_the_Philippines_FTBRhus.pdf", "is_active": true, "created_at": "2026-07-06T08:03:53.525Z"}}, {"model": "Features.eresourcefile", "pk": 1140, "fields": {"department": 228, "name": "The 1987 Constitution of the Republic of the Philippines.pdf", "file": "e_resources/The_1987_Constitution_of_the_Republic_of_the_Philippines_K9kMzxX.pdf", "is_active": true, "created_at": "2026-07-06T08:03:53.534Z"}}, {"model": "Features.eresourcefile", "pk": 1141, "fields": {"department": 228, "name": "The Government of Philippine Islands.pdf", "file": "e_resources/The_Government_of_Philippine_Islands_Y19dpHf.pdf", "is_active": true, "created_at": "2026-07-06T08:03:53.732Z"}}, {"model": "Features.eresourcefile", "pk": 1142, "fields": {"department": 229, "name": "Documentation and Notation of the Traditional Dances of The Yogads of Isabela.pdf", "file": "e_resources/Documentation_and_Notation_of_the_Traditional_Dances_of_The_Yogads_of_Isabela_ctNaw0D.pdf", "is_active": true, "created_at": "2026-07-06T08:03:53.742Z"}}, {"model": "Features.eresourcefile", "pk": 1143, "fields": {"department": 229, "name": "Philippine Folk Dance 10.pdf", "file": "e_resources/Philippine_Folk_Dance_10_20PfmUS.pdf", "is_active": true, "created_at": "2026-07-06T08:03:53.749Z"}}, {"model": "Features.eresourcefile", "pk": 1144, "fields": {"department": 229, "name": "Strengthening and Preserving Practices of Philippine Folk Dances in Relation to Cultural Awareness of Secondary Students of Davao City.pdf", "file": "e_resources/Strengthening_and_Preserving_Practices_of_Philippine_Folk_Dances_in_Relation_to_Cultural_Awareness_of_Secondary_Students_of_Davao_City_gCY4F4v.pdf", "is_active": true, "created_at": "2026-07-06T08:03:53.755Z"}}, {"model": "Features.eresourcefile", "pk": 1145, "fields": {"department": 230, "name": "Health and Physical Education.pdf", "file": "e_resources/Health_and_Physical_Education_Hv6vKgc.pdf", "is_active": true, "created_at": "2026-07-06T08:03:53.772Z"}}, {"model": "Features.eresourcefile", "pk": 1146, "fields": {"department": 230, "name": "Physical Education for Lifelong Fitness - The Physical Best Teacher_s Guide.pdf", "file": "e_resources/Physical_Education_for_Lifelong_Fitness_-_The_Physical_Best_Teacher_s_Guide_buMiwr8.pdf", "is_active": true, "created_at": "2026-07-06T08:03:53.971Z"}}, {"model": "Features.eresourcefile", "pk": 1147, "fields": {"department": 230, "name": "Teacher Learning and Development - The Mirror Maze.pdf", "file": "e_resources/Teacher_Learning_and_Development_-_The_Mirror_Maze_PUIgcPE.pdf", "is_active": true, "created_at": "2026-07-06T08:03:53.982Z"}}, {"model": "Features.eresourcefile", "pk": 1148, "fields": {"department": 232, "name": "Advances in Botanical Research 1.pdf", "file": "e_resources/Advances_in_Botanical_Research_1_yUpcMAs.pdf", "is_active": true, "created_at": "2026-07-06T08:03:54.143Z"}}, {"model": "Features.eresourcefile", "pk": 1149, "fields": {"department": 232, "name": "Biodeterioration Research 1.pdf", "file": "e_resources/Biodeterioration_Research_1_zmjtkLL.pdf", "is_active": true, "created_at": "2026-07-06T08:03:54.183Z"}}, {"model": "Features.eresourcefile", "pk": 1150, "fields": {"department": 232, "name": "Research Methods and Writing Research Proposals.pdf", "file": "e_resources/Research_Methods_and_Writing_Research_Proposals_5BIvb5Q.pdf", "is_active": true, "created_at": "2026-07-06T08:03:54.200Z"}}, {"model": "Features.eresourcefile", "pk": 1151, "fields": {"department": 233, "name": "Practical Research 2 - K-12 - 1st Edition.pdf", "file": "e_resources/Practical_Research_2_-_K-12_-_1st_Edition_q9oLrHj.pdf", "is_active": true, "created_at": "2026-07-06T08:03:54.229Z"}}, {"model": "Features.eresourcefile", "pk": 1152, "fields": {"department": 234, "name": "Encyclopedia of Sport and Exercise Psychology.pdf", "file": "e_resources/Encyclopedia_of_Sport_and_Exercise_Psychology_fekMkJK.pdf", "is_active": true, "created_at": "2026-07-06T08:03:54.263Z"}}, {"model": "Features.eresourcefile", "pk": 1153, "fields": {"department": 234, "name": "Instant Notes - Sport and Exercise Psychology.pdf", "file": "e_resources/Instant_Notes_-_Sport_and_Exercise_Psychology_en6MTaV.pdf", "is_active": true, "created_at": "2026-07-06T08:03:54.279Z"}}, {"model": "Features.eresourcefile", "pk": 1154, "fields": {"department": 234, "name": "Sport and Exercise Psychology.pdf", "file": "e_resources/Sport_and_Exercise_Psychology_FmZnfn4.pdf", "is_active": true, "created_at": "2026-07-06T08:03:54.292Z"}}, {"model": "Features.eresourcefile", "pk": 1155, "fields": {"department": 235, "name": "K to 12 Curriculum Guide Physical Education.pdf", "file": "e_resources/K_to_12_Curriculum_Guide_Physical_Education_NgWo6Rm.pdf", "is_active": true, "created_at": "2026-07-06T08:03:54.302Z"}}, {"model": "Features.eresourcefile", "pk": 1156, "fields": {"department": 235, "name": "Physical Education-Teaching and Learning.pdf", "file": "e_resources/Physical_Education-Teaching_and_Learning_VV0aXJf.pdf", "is_active": true, "created_at": "2026-07-06T08:03:54.309Z"}}, {"model": "Features.eresourcefile", "pk": 1157, "fields": {"department": 235, "name": "Technology in Education. Transforming Educational Practices with Technology.pdf", "file": "e_resources/Technology_in_Education_019QF1h._Transforming_Educational_Practices_with_Technology.pdf", "is_active": true, "created_at": "2026-07-06T08:03:54.370Z"}}, {"model": "Features.eresourcefile", "pk": 1158, "fields": {"department": 236, "name": "Teacher and the School Curriculum.pdf.pdf", "file": "e_resources/Teacher_and_the_School_Curriculum_Q1omnko.pdf.pdf", "is_active": true, "created_at": "2026-07-06T08:03:54.452Z"}}, {"model": "Features.eresourcefile", "pk": 1159, "fields": {"department": 237, "name": "Perceptions of Teachers and Teaching.pdf", "file": "e_resources/Perceptions_of_Teachers_and_Teaching_1v2F0a6.pdf", "is_active": true, "created_at": "2026-07-06T08:03:54.486Z"}}, {"model": "Features.eresourcefile", "pk": 1160, "fields": {"department": 237, "name": "The Future of the Teaching Profession - Faculty of Education.pdf", "file": "e_resources/The_Future_of_the_Teaching_Profession_-_Faculty_of_Education_6QrmiGY.pdf", "is_active": true, "created_at": "2026-07-06T08:03:54.508Z"}}, {"model": "Features.eresourcefile", "pk": 1161, "fields": {"department": 237, "name": "The Teaching Profession Present and Future.pdf", "file": "e_resources/The_Teaching_Profession_Present_and_Future_wZvZ9ga.pdf", "is_active": true, "created_at": "2026-07-06T08:03:54.542Z"}}, {"model": "Features.eresourcefile", "pk": 1162, "fields": {"department": 189, "name": "Data Mining", "file": "e_resources/Data_Mining_-_Concepts_and_Techniques_3rd_Ed.pdf", "is_active": true, "created_at": "2026-07-08T00:48:02.481Z"}}, {"model": "Features.pagecontent", "pk": 1, "fields": {"slug": "about_history", "title": "History of JRMSU Katipunan Campus", "content": "<p>Jose Rizal Memorial State University was established by virtue of RA 9852 with Congresswoman Cecilia G. Jalosjos-Carreon as principal author, Congressman Cesar Jalosjos as co-author. It was approved by President Gloria Macapagal-Arroyo on December 15, 2009. It was formerly the Jose Rizal Memorial State College by virtue of RA 8193 sponsored by Congressman Romeo G. Jalosjos of the 1st District of Zamboanga del Norte which was approved on June 11, 1996 by the President of the Republic, Fidel V. Ramos. It was a consolidation of the Rizal Memorial Vocational School (RMNVS) in Dapitan City, the Zamboanga del Norte School of Arts and Trades (ZNSAT) in Dipolog City, and the Siocon National Vocational School (SNVS) in the Municipality of Siocon. In 2002, two higher education institutions (HEIs) within Zamboanga del Norte, namely the Katipunan National Agricultural School (KNAS) in the municipality of Katipunan and the Zamboanga del Norte Agricultural College (ZNAC) in the Municipality of Tampilisan, were integrated into then JRMSC pursuant to CHED Memorandum Order No. 27 series of 2000 thus comprising the fourth and fifth campuses, respectively of JRMSU.</p>\n<p>The first President was Dr. Felipe O. Ligan who was appointed in 1997. On June 7, 2002 CHED Special Order No. 35, s. 2002 appointed Dr. Henry A. Sojor as the OIC President of the Jose Rizal Memorial State College in concurrent capacity as President of Central Visayas Polytechnic College in Dumaguete City now Negros Oriental State University.</p>\n<p>In the span of two years and eight months, the Board of Trustee then deemed it best for the College to have its permanent leader. Thus, on March 1, 2005, Dr. Edgar S. Balbuena assumed office as second President of JRMSC pursuant to BOT Resolution No. 04, series of 2005 Chairmaned by Fr. Rolando V. Rosa, OP.</p>\n<p>With the appointment of Dr. Balbuena, the College charted a new course. With his extraordinary leadership it took only four years and nine months for the College to be elevated to the status of a University. Indeed the growth of the University means a continuing and growing commitment for academic excellence and quality, research, and productivity, community involvement and partnership for national development and global competitiveness. Evidently, he emerged as a dynamo, leading the people of Zamboanga del Norte and adjacent provinces towards improved quality life.</p>", "updated_at": "2026-07-08T02:50:13.812Z"}}, {"model": "Features.pagecontent", "pk": 2, "fields": {"slug": "about_quality", "title": "JRMSU Library Quality Objectives", "content": "<p></p>\n<ul>\n  <li>Increase the acquisition of print, digital, and multimedia resources by 10% annually to ensure modern, relevant, and accessible materials that support instruction, research, extension, and production.</li>\n  <li>Increase library user engagement by 10% and ensure the 100% provision of adaptive, inclusive, and transformative library facilities that foster creativity, critical thinking, and lifelong learning.</li>\n  <li>Forge at least one (1) local and one (1) international formal partnership or collaboration each year, and implement at least one (1) joint program or activity with academic institutions, government agencies, or library networks to strengthen resource sharing, collaboration, and service innovation.</li>\n  <li>Ensure that 100% of library personnel participate in at least two (2) capacity-building or professional development activities per year, strengthening their skills in technology, research support, customer service, and library management.</li>\n  <li>Achieve a minimum of 90% overall user satisfaction rating in the annual library survey by continuously delivering equitable, technology-driven, and user-centered services.</li>\n</ul>\n<p></p>", "updated_at": "2026-07-08T05:12:17.616Z"}}, {"model": "Features.pagecontent", "pk": 3, "fields": {"slug": "library_services", "title": "Our 17 Library Services", "content": "<p>Library User Education</p>\n<p>Informal Reference Service</p>\n<p>Readers Advisory Services</p>\n<p>Technical Services</p>\n<p>Audio-Visual Services</p>\n<p>Circulation Services</p>\n<p>Ask-a-Librarian / #AskRIZAL</p>\n<p>Photo/Scan Me Service</p>\n<p>OPAC Service</p>\n<p>Printing Service</p>\n<p>Property Counter Service</p>\n<p>Selective Dissemination of Information</p>\n<p>Current Awareness Services</p>\n<p>Referral Information Service (RIS)</p>\n<p>File Transfer Service</p>\n<p>Internet / e-Library / Free Wi-Fi</p>\n<p>Online Databases Service</p>", "updated_at": "2026-07-01T07:09:37.507Z"}}, {"model": "Features.pagecontent", "pk": 4, "fields": {"slug": "personnel_text", "title": "Librarian's Corner Text", "content": "<p>From pages to possibilitiesùthe JRMSU Library fosters knowledge, research, and lifelong learning in pursuit of excellence.</p>\n<p>The Library of Jose Rizal Memorial State University Katipunan Campus is committed to supporting the University's Vision, Mission, Goals, and Objectives by providing relevant, up-to-date, and accessible information resources and services. In adherence to the standards, the library continuously enhances its collections, facilities, and technological services to meet the evolving needs of its academic community. It also promotes information literacy, strengthens research support, and fosters collaborative linkages to contribute to institutional development. The library remains dedicated to delivering quality services and nurturing a culture of lifelong learning among its users.</p>\n<p>Thank you for making the library part of your journey. We are always here to support your learning, research, and growthùPadayon, JRMSUans!</p>", "updated_at": "2026-07-01T07:09:37.511Z"}}, {"model": "Features.managedlink", "pk": 25, "fields": {"category": "Open Access Journal", "name": "Agriculture", "url": "https://www.mdpi.com/journal/agriculture", "order": 1, "is_active": true}}, {"model": "Features.managedlink", "pk": 26, "fields": {"category": "Open Access Journal", "name": "List of Scientific Journal", "url": "https://en.wikipedia.org/wiki/Lists_of_academic_journals", "order": 2, "is_active": true}}, {"model": "Features.managedlink", "pk": 27, "fields": {"category": "Open Access Journal", "name": "Worldcat", "url": "https://search.worldcat.org/", "order": 3, "is_active": true}}, {"model": "Features.managedlink", "pk": 28, "fields": {"category": "Open Access Journal", "name": "Google Book", "url": "https://books.google.com/?hl=en", "order": 4, "is_active": true}}, {"model": "Features.managedlink", "pk": 29, "fields": {"category": "Open Access Journal", "name": "Online Free E-Books", "url": "https://www.free-ebooks.net/", "order": 5, "is_active": true}}, {"model": "Features.managedlink", "pk": 30, "fields": {"category": "Open Access Journal", "name": "Gutenberg", "url": "https://www.gutenberg.org/", "order": 6, "is_active": true}}, {"model": "Features.managedlink", "pk": 31, "fields": {"category": "Open Access Journal", "name": "Scribd", "url": "https://www.scribd.com/", "order": 7, "is_active": true}}, {"model": "Features.managedlink", "pk": 32, "fields": {"category": "Open Access Journal", "name": "GetFreeEbooks", "url": "https://getfreeebooks.com/", "order": 8, "is_active": true}}, {"model": "Features.managedlink", "pk": 33, "fields": {"category": "Open Access Journal", "name": "DOST Publication", "url": "https://www.dost.gov.ph/index.php?option=com_content&task=view&id=712&Itemid=201", "order": 9, "is_active": true}}, {"model": "Features.managedlink", "pk": 34, "fields": {"category": "Open Access Journal", "name": "Highwire Press", "url": "https://www.highwirepress.com/", "order": 10, "is_active": true}}, {"model": "Features.managedlink", "pk": 35, "fields": {"category": "Open Access Journal", "name": "IPL Magazines", "url": "https://www.ipl.org/", "order": 11, "is_active": true}}, {"model": "Features.managedlink", "pk": 36, "fields": {"category": "Resources", "name": "Science Direct", "url": "https://www.sciencedirect.com/", "order": 12, "is_active": true}}, {"model": "Features.managedlink", "pk": 37, "fields": {"category": "Resources", "name": "Philippine Elib", "url": "https://www.elib.gov.ph/", "order": 13, "is_active": true}}, {"model": "Features.managedlink", "pk": 38, "fields": {"category": "Resources", "name": "ERIC Educ. Res. Info. Center", "url": "https://eric.ed.gov/", "order": 14, "is_active": true}}, {"model": "Features.managedlink", "pk": 39, "fields": {"category": "Resources", "name": "Gale Database", "url": "https://link.gale.com/apps/menu?userGroupName=phusm&prodId=MENU", "order": 15, "is_active": true}}, {"model": "Features.managedlink", "pk": 40, "fields": {"category": "Resources", "name": "Philippine E-Journals", "url": "https://ejournals.ph/", "order": 16, "is_active": true}}, {"model": "Features.managedlink", "pk": 41, "fields": {"category": "Resources", "name": "Springer Nature Link", "url": "https://link.springer.com/", "order": 17, "is_active": true}}, {"model": "Features.managedlink", "pk": 42, "fields": {"category": "Resources", "name": "E-Library USA", "url": "https://docs.google.com/forms/d/e/1FAIpQLSdK93TrYAkWrl32xWxlOItfYFTTgUQPY_Ws2ZhxfuVMvojpiA/viewform", "order": 18, "is_active": true}}, {"model": "Features.managedlink", "pk": 43, "fields": {"category": "Resources", "name": "Seameo-innotech eBooks", "url": "https://www.seameo-innotech.org/", "order": 19, "is_active": true}}, {"model": "Features.managedlink", "pk": 44, "fields": {"category": "Resources", "name": "ProQuest", "url": "https://www.proquest.com/", "order": 20, "is_active": true}}, {"model": "Features.managedlink", "pk": 45, "fields": {"category": "Resources", "name": "text 1", "url": "http://localhost:3000/admin/contentss", "order": 1, "is_active": true}}, {"model": "Features.managedfile", "pk": 3, "fields": {"category": "Manual", "name": "sdfasd", "file": "managed_files/Warreen_James_A_Suico_Resume_Updated_W42cflX.pdf", "is_active": true, "uploaded_at": "2026-07-08T08:15:19.421Z"}}, {"model": "Features.sitevisit", "pk": 1, "fields": {"page": "/", "visited_at": "2026-07-06T08:09:50.435Z", "ip_hash": "cbab3b714b714d654f9e00ea4c38230389b2f2781dd900cad44c4adc2e6f653d"}}, {"model": "Features.sitevisit", "pk": 2, "fields": {"page": "/", "visited_at": "2026-07-06T08:09:50.422Z", "ip_hash": "cbab3b714b714d654f9e00ea4c38230389b2f2781dd900cad44c4adc2e6f653d"}}, {"model": "Features.sitevisit", "pk": 3, "fields": {"page": "/", "visited_at": "2026-07-07T04:55:54.742Z", "ip_hash": "ab0e24d33048ea5e2d952aa2beb10bd2eb2dd6b822f044410b24351c33045fc1"}}, {"model": "Features.sitevisit", "pk": 4, "fields": {"page": "/", "visited_at": "2026-07-07T04:55:54.740Z", "ip_hash": "ab0e24d33048ea5e2d952aa2beb10bd2eb2dd6b822f044410b24351c33045fc1"}}, {"model": "Features.sitevisit", "pk": 5, "fields": {"page": "/collection/external-libraries", "visited_at": "2026-07-07T04:56:24.000Z", "ip_hash": "ab0e24d33048ea5e2d952aa2beb10bd2eb2dd6b822f044410b24351c33045fc1"}}, {"model": "Features.sitevisit", "pk": 6, "fields": {"page": "/", "visited_at": "2026-07-08T00:24:46.948Z", "ip_hash": "4d815f81d079e7093934795b76ba9e934254df8bd610110ad6f941d62fdc13ce"}}, {"model": "Features.sitevisit", "pk": 7, "fields": {"page": "/", "visited_at": "2026-07-08T00:24:46.947Z", "ip_hash": "4d815f81d079e7093934795b76ba9e934254df8bd610110ad6f941d62fdc13ce"}}, {"model": "Features.sitevisit", "pk": 8, "fields": {"page": "/", "visited_at": "2026-07-08T00:25:26.432Z", "ip_hash": "3cb3fd84329105655d7b457121cdbba16d5b959f952bfad693461fece0793d31"}}, {"model": "Features.sitevisit", "pk": 9, "fields": {"page": "/about", "visited_at": "2026-07-08T00:26:12.761Z", "ip_hash": "3cb3fd84329105655d7b457121cdbba16d5b959f952bfad693461fece0793d31"}}, {"model": "Features.sitevisit", "pk": 10, "fields": {"page": "/services", "visited_at": "2026-07-08T00:26:13.854Z", "ip_hash": "3cb3fd84329105655d7b457121cdbba16d5b959f952bfad693461fece0793d31"}}, {"model": "Features.sitevisit", "pk": 11, "fields": {"page": "/administration", "visited_at": "2026-07-08T00:26:15.138Z", "ip_hash": "3cb3fd84329105655d7b457121cdbba16d5b959f952bfad693461fece0793d31"}}, {"model": "Features.sitevisit", "pk": 12, "fields": {"page": "/personnel", "visited_at": "2026-07-08T00:26:20.469Z", "ip_hash": "3cb3fd84329105655d7b457121cdbba16d5b959f952bfad693461fece0793d31"}}, {"model": "Features.sitevisit", "pk": 13, "fields": {"page": "/collection/newly-acquired", "visited_at": "2026-07-08T00:26:22.916Z", "ip_hash": "3cb3fd84329105655d7b457121cdbba16d5b959f952bfad693461fece0793d31"}}, {"model": "Features.sitevisit", "pk": 14, "fields": {"page": "/collection/local-books", "visited_at": "2026-07-08T00:26:25.323Z", "ip_hash": "3cb3fd84329105655d7b457121cdbba16d5b959f952bfad693461fece0793d31"}}, {"model": "Features.sitevisit", "pk": 15, "fields": {"page": "/collection/online", "visited_at": "2026-07-08T00:26:26.141Z", "ip_hash": "3cb3fd84329105655d7b457121cdbba16d5b959f952bfad693461fece0793d31"}}, {"model": "Features.sitevisit", "pk": 16, "fields": {"page": "/collection/external-libraries", "visited_at": "2026-07-08T00:26:26.954Z", "ip_hash": "3cb3fd84329105655d7b457121cdbba16d5b959f952bfad693461fece0793d31"}}, {"model": "Features.sitevisit", "pk": 17, "fields": {"page": "/physical-setup", "visited_at": "2026-07-08T00:27:35.690Z", "ip_hash": "3cb3fd84329105655d7b457121cdbba16d5b959f952bfad693461fece0793d31"}}, {"model": "Features.sitevisit", "pk": 18, "fields": {"page": "/collection", "visited_at": "2026-07-08T00:27:42.968Z", "ip_hash": "3cb3fd84329105655d7b457121cdbba16d5b959f952bfad693461fece0793d31"}}, {"model": "Features.sitevisit", "pk": 19, "fields": {"page": "/services", "visited_at": "2026-07-09T02:36:22.956Z", "ip_hash": "338cc262181c06e602e6189044f8fa261e6f5bdcceb7c2f9f3e28ce11ffe8803"}}, {"model": "Features.sitevisit", "pk": 20, "fields": {"page": "/administration", "visited_at": "2026-07-09T02:36:26.511Z", "ip_hash": "338cc262181c06e602e6189044f8fa261e6f5bdcceb7c2f9f3e28ce11ffe8803"}}, {"model": "Features.sitevisit", "pk": 21, "fields": {"page": "/personnel", "visited_at": "2026-07-09T02:36:32.953Z", "ip_hash": "338cc262181c06e602e6189044f8fa261e6f5bdcceb7c2f9f3e28ce11ffe8803"}}, {"model": "Features.sitevisit", "pk": 22, "fields": {"page": "/collection/newly-acquired", "visited_at": "2026-07-09T02:36:40.484Z", "ip_hash": "338cc262181c06e602e6189044f8fa261e6f5bdcceb7c2f9f3e28ce11ffe8803"}}, {"model": "Features.sitevisit", "pk": 23, "fields": {"page": "/collection/external-libraries", "visited_at": "2026-07-09T02:36:45.456Z", "ip_hash": "338cc262181c06e602e6189044f8fa261e6f5bdcceb7c2f9f3e28ce11ffe8803"}}, {"model": "Features.sitevisit", "pk": 24, "fields": {"page": "/collection/local-books", "visited_at": "2026-07-09T02:43:39.157Z", "ip_hash": "338cc262181c06e602e6189044f8fa261e6f5bdcceb7c2f9f3e28ce11ffe8803"}}, {"model": "Features.sitevisit", "pk": 25, "fields": {"page": "/collection/online", "visited_at": "2026-07-09T02:43:53.595Z", "ip_hash": "338cc262181c06e602e6189044f8fa261e6f5bdcceb7c2f9f3e28ce11ffe8803"}}, {"model": "Features.sitevisit", "pk": 26, "fields": {"page": "/physical-setup", "visited_at": "2026-07-09T02:46:22.724Z", "ip_hash": "338cc262181c06e602e6189044f8fa261e6f5bdcceb7c2f9f3e28ce11ffe8803"}}, {"model": "Features.acquisitionbatch", "pk": 1, "fields": {"name": "Test Batch", "description": "", "status": "archived", "is_display_batch": false, "opened_at": "2026-06-30T06:41:25.060Z", "closed_at": null, "safety_expiry": null, "created_by": null, "remarks": ""}}, {"model": "Features.acquisitionbatch", "pk": 4, "fields": {"name": "BATCH 1", "description": "KARON", "status": "archived", "is_display_batch": false, "opened_at": "2026-06-30T06:53:07.794Z", "closed_at": "2026-07-02T06:05:03.180Z", "safety_expiry": null, "created_by": 2, "remarks": "INPUTS"}}, {"model": "Features.acquisitionbatch", "pk": 5, "fields": {"name": "test batch 1", "description": "test", "status": "archived", "is_display_batch": false, "opened_at": "2026-07-01T02:35:12.102Z", "closed_at": "2026-07-08T00:53:25.025Z", "safety_expiry": null, "created_by": 2, "remarks": ""}}, {"model": "Features.acquisitionbatch", "pk": 7, "fields": {"name": "Test from Client 4", "description": "", "status": "archived", "is_display_batch": false, "opened_at": "2026-07-02T06:31:19.344Z", "closed_at": "2026-07-02T08:59:20.003Z", "safety_expiry": null, "created_by": null, "remarks": ""}}, {"model": "Features.acquisitionbatch", "pk": 8, "fields": {"name": "BATCH 2027", "description": "SDF", "status": "open", "is_display_batch": false, "opened_at": "2026-07-02T08:58:27.479Z", "closed_at": null, "safety_expiry": null, "created_by": 2, "remarks": ""}}, {"model": "Features.acquisitionbatch", "pk": 9, "fields": {"name": "new batch test 1", "description": "test 1", "status": "open", "is_display_batch": false, "opened_at": "2026-07-08T00:52:48.696Z", "closed_at": null, "safety_expiry": null, "created_by": 2, "remarks": "ss"}}, {"model": "Features.acquisitionbatch", "pk": 10, "fields": {"name": "sdf", "description": "sdfdsf", "status": "archived", "is_display_batch": false, "opened_at": "2026-07-08T03:21:16.691Z", "closed_at": null, "safety_expiry": null, "created_by": 2, "remarks": ""}}, {"model": "Features.acquisitionbatch", "pk": 11, "fields": {"name": "sdfsd", "description": "sdfsdf", "status": "archived", "is_display_batch": false, "opened_at": "2026-07-08T03:21:32.922Z", "closed_at": null, "safety_expiry": null, "created_by": 2, "remarks": ""}}, {"model": "Features.acquisitionbatch", "pk": 12, "fields": {"name": "SFSDF", "description": "SDFSDF", "status": "archived", "is_display_batch": false, "opened_at": "2026-07-08T07:54:51.688Z", "closed_at": null, "safety_expiry": null, "created_by": 2, "remarks": "SDFDS"}}, {"model": "Features.batchhistory", "pk": 1, "fields": {"batch": 1, "action": "Created", "details": "New batch created and set as active display", "performed_by": null, "timestamp": "2026-06-30T06:41:25.083Z"}}, {"model": "Features.batchhistory", "pk": 2, "fields": {"batch": 1, "action": "Archived Automatically", "details": "Replaced by new batch", "performed_by": null, "timestamp": "2026-06-30T06:42:17.377Z"}}, {"model": "Features.batchhistory", "pk": 7, "fields": {"batch": 4, "action": "Created", "details": "New batch created and set as active display", "performed_by": 2, "timestamp": "2026-06-30T06:53:07.818Z"}}, {"model": "Features.batchhistory", "pk": 8, "fields": {"batch": 4, "action": "Book Added", "details": "Added book: RISK MANAGEMENT", "performed_by": 2, "timestamp": "2026-06-30T06:53:58.497Z"}}, {"model": "Features.batchhistory", "pk": 9, "fields": {"batch": 4, "action": "Closed", "details": "Batch closed for further additions", "performed_by": 2, "timestamp": "2026-06-30T06:55:35.890Z"}}, {"model": "Features.batchhistory", "pk": 10, "fields": {"batch": 4, "action": "Reopened", "details": "Batch reopened for additions", "performed_by": 2, "timestamp": "2026-06-30T06:55:40.885Z"}}, {"model": "Features.batchhistory", "pk": 11, "fields": {"batch": 4, "action": "Closed", "details": "Batch closed for further additions", "performed_by": 2, "timestamp": "2026-06-30T07:34:40.633Z"}}, {"model": "Features.batchhistory", "pk": 12, "fields": {"batch": 4, "action": "Archived", "details": "Batch archived manually", "performed_by": 2, "timestamp": "2026-06-30T07:35:19.388Z"}}, {"model": "Features.batchhistory", "pk": 13, "fields": {"batch": 4, "action": "Reopened", "details": "Batch reopened for additions", "performed_by": 2, "timestamp": "2026-06-30T07:35:31.287Z"}}, {"model": "Features.batchhistory", "pk": 14, "fields": {"batch": 5, "action": "Created", "details": "New batch created and set as active display", "performed_by": 2, "timestamp": "2026-07-01T02:35:12.131Z"}}, {"model": "Features.batchhistory", "pk": 15, "fields": {"batch": 5, "action": "Book Added", "details": "Added book: Risk Management as Applied to Safety, Security, and Sanitation", "performed_by": 2, "timestamp": "2026-07-01T02:47:07.184Z"}}, {"model": "Features.batchhistory", "pk": 16, "fields": {"batch": 5, "action": "Book Updated", "details": "Updated book: Risk Management as Applied to Safety, Security, and Sanitation", "performed_by": 2, "timestamp": "2026-07-01T02:47:26.285Z"}}, {"model": "Features.batchhistory", "pk": 17, "fields": {"batch": 5, "action": "Book Removed", "details": "Removed book: Risk Management as Applied to Safety, Security, and Sanitation", "performed_by": 2, "timestamp": "2026-07-01T02:47:35.796Z"}}, {"model": "Features.batchhistory", "pk": 18, "fields": {"batch": 5, "action": "Book Added", "details": "Added book: Risk Management", "performed_by": 2, "timestamp": "2026-07-01T02:47:59.833Z"}}, {"model": "Features.batchhistory", "pk": 19, "fields": {"batch": 5, "action": "Book Added", "details": "Added book: Risk Management", "performed_by": 2, "timestamp": "2026-07-01T02:47:59.906Z"}}, {"model": "Features.batchhistory", "pk": 20, "fields": {"batch": 5, "action": "Book Removed", "details": "Removed book: Risk Management", "performed_by": 2, "timestamp": "2026-07-01T07:50:57.601Z"}}, {"model": "Features.batchhistory", "pk": 21, "fields": {"batch": 5, "action": "Book Added", "details": "Added book: Personally Development", "performed_by": 2, "timestamp": "2026-07-02T05:39:30.686Z"}}, {"model": "Features.batchhistory", "pk": 22, "fields": {"batch": 5, "action": "Book Added", "details": "Added book: SOFTWARE ACRHITECTURE", "performed_by": 2, "timestamp": "2026-07-02T05:42:17.628Z"}}, {"model": "Features.batchhistory", "pk": 23, "fields": {"batch": 5, "action": "Book Added", "details": "Added book: ALAALA NG MGA PAKPAK: ANTOLOHIYA NG PANITIKANG-BAYAN PARA SA MGA BATA", "performed_by": 2, "timestamp": "2026-07-02T05:43:26.057Z"}}, {"model": "Features.batchhistory", "pk": 24, "fields": {"batch": 5, "action": "Book Removed", "details": "Removed book: Risk Management", "performed_by": 2, "timestamp": "2026-07-02T05:52:34.554Z"}}, {"model": "Features.batchhistory", "pk": 25, "fields": {"batch": 5, "action": "Closed", "details": "Batch closed for further additions", "performed_by": 2, "timestamp": "2026-07-02T06:01:13.116Z"}}, {"model": "Features.batchhistory", "pk": 26, "fields": {"batch": 5, "action": "Reopened", "details": "Batch reopened for additions", "performed_by": 2, "timestamp": "2026-07-02T06:01:17.338Z"}}, {"model": "Features.batchhistory", "pk": 27, "fields": {"batch": 4, "action": "Closed", "details": "Batch closed for further additions", "performed_by": 2, "timestamp": "2026-07-02T06:01:25.931Z"}}, {"model": "Features.batchhistory", "pk": 28, "fields": {"batch": 5, "action": "Closed", "details": "Batch closed for further additions", "performed_by": 2, "timestamp": "2026-07-02T06:01:26.919Z"}}, {"model": "Features.batchhistory", "pk": 29, "fields": {"batch": 5, "action": "Reopened", "details": "Batch reopened for additions", "performed_by": 2, "timestamp": "2026-07-02T06:01:30.669Z"}}, {"model": "Features.batchhistory", "pk": 30, "fields": {"batch": 5, "action": "Archived", "details": "Replaced by manual activation of another batch", "performed_by": 2, "timestamp": "2026-07-02T06:01:32.428Z"}}, {"model": "Features.batchhistory", "pk": 31, "fields": {"batch": 4, "action": "Activated", "details": "Set as current display batch", "performed_by": 2, "timestamp": "2026-07-02T06:01:32.468Z"}}, {"model": "Features.batchhistory", "pk": 32, "fields": {"batch": 5, "action": "Reopened", "details": "Batch reopened for additions", "performed_by": 2, "timestamp": "2026-07-02T06:02:10.491Z"}}, {"model": "Features.batchhistory", "pk": 33, "fields": {"batch": 4, "action": "Reopened", "details": "Batch reopened for additions", "performed_by": 2, "timestamp": "2026-07-02T06:02:13.244Z"}}, {"model": "Features.batchhistory", "pk": 34, "fields": {"batch": 5, "action": "Closed", "details": "Batch closed for further additions", "performed_by": 2, "timestamp": "2026-07-02T06:02:17.960Z"}}, {"model": "Features.batchhistory", "pk": 35, "fields": {"batch": 4, "action": "Book Removed", "details": "Removed book: RISK MANAGEMENT", "performed_by": 2, "timestamp": "2026-07-02T06:02:23.734Z"}}, {"model": "Features.batchhistory", "pk": 36, "fields": {"batch": 4, "action": "Book Removed", "details": "Removed book: RISK MANAGEMENT", "performed_by": 2, "timestamp": "2026-07-02T06:04:35.674Z"}}, {"model": "Features.batchhistory", "pk": 37, "fields": {"batch": 4, "action": "Closed", "details": "Batch closed for further additions", "performed_by": 2, "timestamp": "2026-07-02T06:05:03.189Z"}}, {"model": "Features.batchhistory", "pk": 38, "fields": {"batch": 5, "action": "Reopened", "details": "Batch reopened for additions", "performed_by": 2, "timestamp": "2026-07-02T06:05:04.947Z"}}, {"model": "Features.batchhistory", "pk": 39, "fields": {"batch": 4, "action": "Archived", "details": "Batch archived manually", "performed_by": 2, "timestamp": "2026-07-02T06:10:26.142Z"}}, {"model": "Features.batchhistory", "pk": 42, "fields": {"batch": 5, "action": "Closed", "details": "Batch closed for further additions", "performed_by": 2, "timestamp": "2026-07-02T08:09:32.864Z"}}, {"model": "Features.batchhistory", "pk": 43, "fields": {"batch": 5, "action": "Activated", "details": "Set as current display batch", "performed_by": 2, "timestamp": "2026-07-02T08:09:34.706Z"}}, {"model": "Features.batchhistory", "pk": 44, "fields": {"batch": 5, "action": "Archived Automatically", "details": "Replaced by new batch", "performed_by": 2, "timestamp": "2026-07-02T08:58:27.468Z"}}, {"model": "Features.batchhistory", "pk": 45, "fields": {"batch": 8, "action": "Created", "details": "New batch created and set as active display", "performed_by": 2, "timestamp": "2026-07-02T08:58:27.506Z"}}, {"model": "Features.batchhistory", "pk": 46, "fields": {"batch": 8, "action": "Book Added", "details": "Added book: SMAT TEST2", "performed_by": 2, "timestamp": "2026-07-02T08:58:52.559Z"}}, {"model": "Features.batchhistory", "pk": 47, "fields": {"batch": 8, "action": "Closed", "details": "Batch closed for further additions", "performed_by": 2, "timestamp": "2026-07-02T08:59:14.588Z"}}, {"model": "Features.batchhistory", "pk": 48, "fields": {"batch": 7, "action": "Reopened", "details": "Batch reopened for additions", "performed_by": 2, "timestamp": "2026-07-02T08:59:16.980Z"}}, {"model": "Features.batchhistory", "pk": 49, "fields": {"batch": 7, "action": "Closed", "details": "Batch closed for further additions", "performed_by": 2, "timestamp": "2026-07-02T08:59:20.020Z"}}, {"model": "Features.batchhistory", "pk": 50, "fields": {"batch": 5, "action": "Reopened", "details": "Batch reopened for additions", "performed_by": 2, "timestamp": "2026-07-02T09:00:45.131Z"}}, {"model": "Features.batchhistory", "pk": 51, "fields": {"batch": 7, "action": "Archived", "details": "Batch archived manually", "performed_by": 2, "timestamp": "2026-07-06T04:54:21.562Z"}}, {"model": "Features.batchhistory", "pk": 52, "fields": {"batch": 8, "action": "Archived", "details": "Batch archived manually", "performed_by": 2, "timestamp": "2026-07-08T00:50:22.346Z"}}, {"model": "Features.batchhistory", "pk": 53, "fields": {"batch": 8, "action": "Reopened", "details": "Batch reopened for additions", "performed_by": 2, "timestamp": "2026-07-08T00:52:19.302Z"}}, {"model": "Features.batchhistory", "pk": 54, "fields": {"batch": 9, "action": "Created", "details": "New batch created and set as active display", "performed_by": 2, "timestamp": "2026-07-08T00:52:48.703Z"}}, {"model": "Features.batchhistory", "pk": 55, "fields": {"batch": 9, "action": "Book Added", "details": "Added book: data", "performed_by": 2, "timestamp": "2026-07-08T00:53:10.930Z"}}, {"model": "Features.batchhistory", "pk": 56, "fields": {"batch": 9, "action": "Book Updated", "details": "Updated book: data", "performed_by": 2, "timestamp": "2026-07-08T00:53:21.150Z"}}, {"model": "Features.batchhistory", "pk": 57, "fields": {"batch": 5, "action": "Closed", "details": "Batch closed for further additions", "performed_by": 2, "timestamp": "2026-07-08T00:53:25.028Z"}}, {"model": "Features.batchhistory", "pk": 58, "fields": {"batch": 9, "action": "Archived", "details": "Replaced by manual activation of another batch", "performed_by": 2, "timestamp": "2026-07-08T00:53:27.811Z"}}, {"model": "Features.batchhistory", "pk": 59, "fields": {"batch": 5, "action": "Activated", "details": "Set as current display batch", "performed_by": 2, "timestamp": "2026-07-08T00:53:27.814Z"}}, {"model": "Features.batchhistory", "pk": 60, "fields": {"batch": 5, "action": "Archived", "details": "Batch archived manually", "performed_by": 2, "timestamp": "2026-07-08T00:53:40.803Z"}}, {"model": "Features.batchhistory", "pk": 61, "fields": {"batch": 9, "action": "Reopened", "details": "Batch reopened for additions", "performed_by": 2, "timestamp": "2026-07-08T00:53:49.719Z"}}, {"model": "Features.batchhistory", "pk": 62, "fields": {"batch": 10, "action": "Created", "details": "New batch created and set as active display", "performed_by": 2, "timestamp": "2026-07-08T03:21:16.713Z"}}, {"model": "Features.batchhistory", "pk": 63, "fields": {"batch": 10, "action": "Archived Automatically", "details": "Replaced by new batch", "performed_by": 2, "timestamp": "2026-07-08T03:21:32.919Z"}}, {"model": "Features.batchhistory", "pk": 64, "fields": {"batch": 11, "action": "Created", "details": "New batch created and set as active display", "performed_by": 2, "timestamp": "2026-07-08T03:21:32.924Z"}}, {"model": "Features.batchhistory", "pk": 65, "fields": {"batch": 11, "action": "Archived Automatically", "details": "Replaced by new batch", "performed_by": 2, "timestamp": "2026-07-08T07:54:51.686Z"}}, {"model": "Features.batchhistory", "pk": 66, "fields": {"batch": 12, "action": "Created", "details": "New batch created and set as active display", "performed_by": 2, "timestamp": "2026-07-08T07:54:51.696Z"}}, {"model": "Features.batchhistory", "pk": 67, "fields": {"batch": 12, "action": "Archived", "details": "Batch archived manually", "performed_by": 2, "timestamp": "2026-07-08T07:54:56.043Z"}}, {"model": "Features.sitesettings", "pk": 1, "fields": {"library_name": "JRMSU Katipunan Library", "address": "Barangay Dos, Katipunan, Zamboanga del Norte", "contact_email": "katipunan.library@jrmsu.edu.ph", "phone_number": null, "opening_hours_mon_fri": "7:00 AM - 7:00 PM", "opening_hours_sat": "Closed", "opening_hours_sun": "Closed", "carousel_style": "default", "updated_at": "2026-07-08T01:38:40.620Z"}}, {"model": "Features.recyclebin", "pk": 17, "fields": {"original_id": 2, "source_module": "CMS_FILE", "item_name": "sdfsdf", "data_snapshot": {"id": 2, "category": "Resources", "name": "sdfsdf", "file": "/media/managed_files/Data_Mining_-_Concepts_and_Techniques_3rd_Ed_nJoYpPZ.pdf", "is_active": true, "uploaded_at": "2026-07-08T11:05:47.664062+08:00"}, "deleted_at": "2026-07-08T08:07:49.267Z", "deleted_by": 2}}, {"model": "Features.generatedreport", "pk": 1, "fields": {"title": "Report - This Month", "report_type": "summary", "date_range": "this-month", "generated_at": "2026-07-02T08:04:03.242Z", "generated_by": 2, "report_data": {"total_visits": 0, "total_books": 3, "total_emails": 0, "total_reservations": 0, "trend_data": [{"name": "Feb", "visits": 0, "books": 0}, {"name": "Mar", "visits": 0, "books": 0}, {"name": "Apr", "visits": 0, "books": 0}, {"name": "May", "visits": 0, "books": 0}, {"name": "Jun", "visits": 0, "books": 0}, {"name": "Jul", "visits": 0, "books": 3}], "recent_books": [{"id": 7, "title": "ALAALA NG MGA PAKPAK: ANTOLOHIYA NG PANITIKANG-BAYAN PARA SA MGA BATA", "author": "EUGENE Y. EVASCO", "category": "Technology", "dateAdded": "2026-07-02"}, {"id": 6, "title": "SOFTWARE ACRHITECTURE", "author": "VISHNU PRASED", "category": "Technology", "dateAdded": "2026-07-02"}, {"id": 5, "title": "Personally Development", "author": "Prof. Angelita Ong Camilar-Serrano, PhD-MB, MBA, CMC", "category": "General Reference", "dateAdded": "2026-07-02"}], "recent_activity": [], "ratings_summary": {"total_ratings": 0, "average_rating": 0, "distribution": {"1": 0, "2": 0, "3": 0, "4": 0, "5": 0}, "recent_feedback": []}}, "is_archived": false}}, {"model": "Features.generatedreport", "pk": 2, "fields": {"title": "Report - This Month", "report_type": "summary", "date_range": "this-month", "generated_at": "2026-07-02T08:57:07.279Z", "generated_by": 2, "report_data": {"total_visits": 0, "total_books": 3, "total_emails": 0, "total_reservations": 0, "trend_data": [{"name": "Feb", "visits": 0, "books": 0}, {"name": "Mar", "visits": 0, "books": 0}, {"name": "Apr", "visits": 0, "books": 0}, {"name": "May", "visits": 0, "books": 0}, {"name": "Jun", "visits": 0, "books": 0}, {"name": "Jul", "visits": 0, "books": 3}], "recent_books": [{"id": 7, "title": "ALAALA NG MGA PAKPAK: ANTOLOHIYA NG PANITIKANG-BAYAN PARA SA MGA BATA", "author": "EUGENE Y. EVASCO", "category": "Technology", "dateAdded": "2026-07-02"}, {"id": 6, "title": "SOFTWARE ACRHITECTURE", "author": "VISHNU PRASED", "category": "Technology", "dateAdded": "2026-07-02"}, {"id": 5, "title": "Personally Development", "author": "Prof. Angelita Ong Camilar-Serrano, PhD-MB, MBA, CMC", "category": "General Reference", "dateAdded": "2026-07-02"}], "recent_activity": [], "ratings_summary": {"total_ratings": 0, "average_rating": 0, "distribution": {"1": 0, "2": 0, "3": 0, "4": 0, "5": 0}, "recent_feedback": []}}, "is_archived": false}}, {"model": "Features.generatedreport", "pk": 3, "fields": {"title": "Report - This Month", "report_type": "summary", "date_range": "this-month", "generated_at": "2026-07-06T05:04:11.448Z", "generated_by": 2, "report_data": {"total_visits": 0, "total_books": 4, "total_emails": 1, "total_reservations": 1, "trend_data": [{"name": "Feb", "visits": 0, "books": 0}, {"name": "Mar", "visits": 0, "books": 0}, {"name": "Apr", "visits": 0, "books": 0}, {"name": "May", "visits": 0, "books": 0}, {"name": "Jun", "visits": 0, "books": 0}, {"name": "Jul", "visits": 0, "books": 4}], "recent_books": [{"id": 8, "title": "SMAT TEST2", "author": "ASSD", "category": "Technology", "dateAdded": "2026-07-02"}, {"id": 7, "title": "ALAALA NG MGA PAKPAK: ANTOLOHIYA NG PANITIKANG-BAYAN PARA SA MGA BATA", "author": "EUGENE Y. EVASCO", "category": "Technology", "dateAdded": "2026-07-02"}, {"id": 6, "title": "SOFTWARE ACRHITECTURE", "author": "VISHNU PRASED", "category": "Technology", "dateAdded": "2026-07-02"}, {"id": 5, "title": "Personally Development", "author": "Prof. Angelita Ong Camilar-Serrano, PhD-MB, MBA, CMC", "category": "General Reference", "dateAdded": "2026-07-02"}], "recent_activity": [{"id": 11, "type": "RESERVATION", "name": "jm", "date": "2026-07-02T09:04:45.764945+00:00"}, {"id": 10, "type": "EMAIL", "name": "JM", "date": "2026-07-02T09:02:53.646585+00:00"}], "ratings_summary": {"total_ratings": 0, "average_rating": 0, "distribution": {"1": 0, "2": 0, "3": 0, "4": 0, "5": 0}, "recent_feedback": []}}, "is_archived": false}}, {"model": "Features.generatedreport", "pk": 4, "fields": {"title": "Report - This Month", "report_type": "summary", "date_range": "this-month", "generated_at": "2026-07-06T05:45:01.684Z", "generated_by": 2, "report_data": {"total_visits": 0, "total_books": 4, "total_emails": 1, "total_reservations": 1, "trend_data": [{"name": "Feb", "visits": 0, "books": 0}, {"name": "Mar", "visits": 0, "books": 0}, {"name": "Apr", "visits": 0, "books": 0}, {"name": "May", "visits": 0, "books": 0}, {"name": "Jun", "visits": 0, "books": 0}, {"name": "Jul", "visits": 0, "books": 4}], "recent_books": [{"id": 8, "title": "SMAT TEST2", "author": "ASSD", "category": "Technology", "dateAdded": "2026-07-02"}, {"id": 7, "title": "ALAALA NG MGA PAKPAK: ANTOLOHIYA NG PANITIKANG-BAYAN PARA SA MGA BATA", "author": "EUGENE Y. EVASCO", "category": "Technology", "dateAdded": "2026-07-02"}, {"id": 6, "title": "SOFTWARE ACRHITECTURE", "author": "VISHNU PRASED", "category": "Technology", "dateAdded": "2026-07-02"}, {"id": 5, "title": "Personally Development", "author": "Prof. Angelita Ong Camilar-Serrano, PhD-MB, MBA, CMC", "category": "General Reference", "dateAdded": "2026-07-02"}], "recent_activity": [{"id": 11, "type": "RESERVATION", "name": "jm", "date": "2026-07-02T09:04:45.764945+00:00"}, {"id": 10, "type": "EMAIL", "name": "JM", "date": "2026-07-02T09:02:53.646585+00:00"}], "ratings_summary": {"total_ratings": 0, "average_rating": 0, "distribution": {"1": 0, "2": 0, "3": 0, "4": 0, "5": 0}, "recent_feedback": []}}, "is_archived": false}}, {"model": "Features.generatedreport", "pk": 5, "fields": {"title": "Report - This Month", "report_type": "summary", "date_range": "this-month", "generated_at": "2026-07-06T06:08:33.406Z", "generated_by": 2, "report_data": {"total_visits": 0, "total_books": 4, "total_emails": 1, "total_reservations": 1, "trend_data": [{"name": "Feb", "visits": 0, "books": 0}, {"name": "Mar", "visits": 0, "books": 0}, {"name": "Apr", "visits": 0, "books": 0}, {"name": "May", "visits": 0, "books": 0}, {"name": "Jun", "visits": 0, "books": 0}, {"name": "Jul", "visits": 0, "books": 4}], "recent_books": [{"id": 8, "title": "SMAT TEST2", "author": "ASSD", "category": "Technology", "dateAdded": "2026-07-02"}, {"id": 7, "title": "ALAALA NG MGA PAKPAK: ANTOLOHIYA NG PANITIKANG-BAYAN PARA SA MGA BATA", "author": "EUGENE Y. EVASCO", "category": "Technology", "dateAdded": "2026-07-02"}, {"id": 6, "title": "SOFTWARE ACRHITECTURE", "author": "VISHNU PRASED", "category": "Technology", "dateAdded": "2026-07-02"}, {"id": 5, "title": "Personally Development", "author": "Prof. Angelita Ong Camilar-Serrano, PhD-MB, MBA, CMC", "category": "General Reference", "dateAdded": "2026-07-02"}], "recent_activity": [{"id": 11, "type": "RESERVATION", "name": "jm", "date": "2026-07-02T09:04:45.764945+00:00"}, {"id": 10, "type": "EMAIL", "name": "JM", "date": "2026-07-02T09:02:53.646585+00:00"}], "ratings_summary": {"total_ratings": 0, "average_rating": 0, "distribution": {"1": 0, "2": 0, "3": 0, "4": 0, "5": 0}, "recent_feedback": []}}, "is_archived": false}}, {"model": "Features.generatedreport", "pk": 6, "fields": {"title": "Report - This Month", "report_type": "summary", "date_range": "this-month", "generated_at": "2026-07-08T01:52:54.218Z", "generated_by": 2, "report_data": {"total_visits": 18, "total_books": 5, "total_emails": 2, "total_reservations": 1, "trend_data": [{"name": "Feb", "visits": 0, "books": 0}, {"name": "Mar", "visits": 0, "books": 0}, {"name": "Apr", "visits": 0, "books": 0}, {"name": "May", "visits": 0, "books": 0}, {"name": "Jun", "visits": 0, "books": 0}, {"name": "Jul", "visits": 18, "books": 5}], "recent_books": [{"id": 9, "title": "data", "author": "text 12", "category": "Technology", "dateAdded": "2026-07-08"}, {"id": 8, "title": "SMAT TEST2", "author": "ASSD", "category": "Technology", "dateAdded": "2026-07-02"}, {"id": 7, "title": "ALAALA NG MGA PAKPAK: ANTOLOHIYA NG PANITIKANG-BAYAN PARA SA MGA BATA", "author": "EUGENE Y. EVASCO", "category": "Technology", "dateAdded": "2026-07-02"}, {"id": 6, "title": "SOFTWARE ACRHITECTURE", "author": "VISHNU PRASED", "category": "Technology", "dateAdded": "2026-07-02"}, {"id": 5, "title": "Personally Development", "author": "Prof. Angelita Ong Camilar-Serrano, PhD-MB, MBA, CMC", "category": "General Reference", "dateAdded": "2026-07-02"}], "recent_activity": [{"id": 15, "type": "EMAIL", "name": "abe", "date": "2026-07-08T00:36:31.007423+00:00"}, {"id": 11, "type": "RESERVATION", "name": "jm", "date": "2026-07-02T09:04:45.764945+00:00"}, {"id": 10, "type": "EMAIL", "name": "JM", "date": "2026-07-02T09:02:53.646585+00:00"}], "ratings_summary": {"total_ratings": 0, "average_rating": 0, "distribution": {"1": 0, "2": 0, "3": 0, "4": 0, "5": 0}, "recent_feedback": []}}, "is_archived": false}}, {"model": "Features.generatedreport", "pk": 7, "fields": {"title": "Report - This Month", "report_type": "summary", "date_range": "this-month", "generated_at": "2026-07-08T06:36:41.852Z", "generated_by": 2, "report_data": {"total_visits": 18, "total_books": 5, "total_emails": 2, "total_reservations": 1, "trend_data": [{"name": "Feb", "visits": 0, "books": 0}, {"name": "Mar", "visits": 0, "books": 0}, {"name": "Apr", "visits": 0, "books": 0}, {"name": "May", "visits": 0, "books": 0}, {"name": "Jun", "visits": 0, "books": 0}, {"name": "Jul", "visits": 18, "books": 5}], "recent_books": [{"id": 9, "title": "data", "author": "text 12", "category": "Technology", "dateAdded": "2026-07-08"}, {"id": 8, "title": "SMAT TEST2", "author": "ASSD", "category": "Technology", "dateAdded": "2026-07-02"}, {"id": 7, "title": "ALAALA NG MGA PAKPAK: ANTOLOHIYA NG PANITIKANG-BAYAN PARA SA MGA BATA", "author": "EUGENE Y. EVASCO", "category": "Technology", "dateAdded": "2026-07-02"}, {"id": 6, "title": "SOFTWARE ACRHITECTURE", "author": "VISHNU PRASED", "category": "Technology", "dateAdded": "2026-07-02"}, {"id": 5, "title": "Personally Development", "author": "Prof. Angelita Ong Camilar-Serrano, PhD-MB, MBA, CMC", "category": "General Reference", "dateAdded": "2026-07-02"}], "recent_activity": [{"id": 15, "type": "EMAIL", "name": "abe", "date": "2026-07-08T00:36:31.007423+00:00"}, {"id": 11, "type": "RESERVATION", "name": "jm", "date": "2026-07-02T09:04:45.764945+00:00"}, {"id": 10, "type": "EMAIL", "name": "JM", "date": "2026-07-02T09:02:53.646585+00:00"}], "ratings_summary": {"total_ratings": 0, "average_rating": 0, "distribution": {"1": 0, "2": 0, "3": 0, "4": 0, "5": 0}, "recent_feedback": []}}, "is_archived": false}}]
